timestamp,url,result,attempts,duration_seconds
2025-11-24T12:15:46.479190,https://hf.zu.anjuke.com/fangyuan/4320888171273221?isauction=2&shangquan_id=32241&legoFeeUrl=https://legoclick.58.com/jump?target=pZwY0ZnlsztdraOWUvYKuadWuAcYuWEzmzdhnANLsHwWmvDVmHnvriYYnH91rj-BnjTdnAmKnHDkPHNvnH93nHN1PjDkTEDYn1ckrj93nH0QnW01nWcQTHbknjTKrHTknTDQsjDkTH91Pzk3PjTKnH0vn1bdP1mOn10OP9DzTNujsRKjsN72izLMGO4hBstVOlvUlmaFOmBgl2AClpAdTHDKnEDKsHDKTHDOrHcQP1NLrH0Qnjn3PWbOPHnKP9DKnEDzn16Wn1m3nid6mHnvsHw-mWmVmHmYraYQuW0QujmQujD3PHEKnHbOnWDLPH0OP1czPHEQPjmdP9DQrHbznH0dP1bLnHbvnjNYPHcOTEDQsjDkTEDKTiYKTEDKTHcQPB31ra3QPWb8nH9vTHTKnTDKnikQnE7exEDQnjT1P9DQnjTQPWmdTHNOmvwWPjn1sH9QmvDVPjKWnzd6ujmksHc3mhF6rHRWPHEzP9DKPTDKTHTKrjnLsj9Ynak1nWcYnEDQTyOdUAkKmWDkuW-bm1DQuWmvuyDYPE&lego_tid=59cdc433-81ca-40c3-ad60-28bba95c5426&psid=9c6117082eca716979efe135cca71eda,SUCCESS,1,19.10
2025-11-24T12:16:35.218852,https://hf.zu.anjuke.com/fangyuan/4308094693760005?isauction=2&shangquan_id=32241&legoFeeUrl=https://legoclick.58.com/jump?target=pZwY0ZnlsztdraOWUvYKuadWuAcYuWEzmzdhnANLsHwWmvDVmHnvriYYnH91rj-BnjTdnAmKPjbdn1cYnH0kPHnYPH0KTHE1nj9krHEvrHnLPWTknjNKP1DknTDLnHTkTHD_nHTKrjnLsj9YnTDQP1m1rHNLPWb1P1bLTHEKwbnVNDnVENGssXXMMSpcfzLMoufG9cM-BFxCCpWGCUNKnEDQTEDVnEDKnHbOnWnOrHnLn1NkPHNQrHmQPkDvTEDQTHDznAR-uWP-syw-mHDVPjNznad6mvE3sycOnj7WrHI6nyFhP9DQrHbzn1bOn101PWDknWmvPWcYTHDOrHc1rHb1P1ndrjTOnHEvrj9KTHD_nHTKTEDKsEDKTEDKnWDvsWn3sWDvri3QrjmKnTDkTEDQsjDzTgVqTHDknjnvTHDknjDvPWNKmWubPhwhnADVPvuBriYYnHI-syDQmhNVryR-uyEOPH7-PWu-TEDYTEDKnTD3n10_rjEksjnznWEQTHDKUMR_UTDOuhPhuH6WPhEduHn3mWcY&lego_tid=b6d6df0a-7fb9-417e-a1be-9eeed951e66e&psid=9c6117082eca716979efe135cca71eda,SUCCESS,1,19.10
2025-11-24T12:17:42.611379,https://hf.zu.anjuke.com/fangyuan/4293591770475534?isauction=2&shangquan_id=14111&legoFeeUrl=https://legoclick.58.com/jump?target=pZwY0ZnlsztdraOWUvYKuadWuAcYuWEzmzdhnANLsHwWmvDVmHnvriYYnH91rj-BnjTdnAmKPjbkPWTQnjEQPjcvnj9KTHEzrHndrHDLP1TYP1Ndn1EKPj0knTDYP1TkTHD_nHTKrjnLsj9YnTDQP1m1rHNLPWb1P1bLTH0KwbnVNDnVENGssXXMMSpcfzLMoufG9cM-BFxCCpWGCUNKnEDQTEDVnEDKnHbOnHnzPW9LnjNzn101nHbLnEDvTEDQTH--uhDduAPBsycOrymVPjR6PiY3PjNdsH-hnyD3myRbuhwhnkDQrHbQn1cvrj0kPWEQnjmdrH9YTHDOrHD1nWm3P1TvnHD3njEQPWTKTHD_nHTKTEDKsEDKTEDKnWDvsWn3sWDvri3QrjmKnTDkTEDQsjDzTgVqTHDknjnvTHDknjDvPWNKuWnQnHnQnycVuyRbuaYYm1R6sH6Bn1bVm1TQrHDvnHIWnhDzTEDYTEDKnTD3n10_rjEksjDYnHDQTHDKUMR_UTDOrHcznjNOnWK-PjbdrymO&lego_tid=f311311b-eedd-4c5a-8b39-c0191617c2a2&psid=9c6117082eca716979efe135cca71eda,SUCCESS,1,19.11
2025-11-24T12:18:49.530086,https://hf.zu.anjuke.com/fangyuan/4320865164696586?isauction=2&shangquan_id=14107&legoFeeUrl=https://legoclick.58.com/jump?target=pZwY0ZnlsztdraOWUvYKuadWuAcYuWEzmzdhnANLsHwWmvDVmHnvriYYnH91rj-BnjTdnAmKrHm3PWNOPHT3njcYPj0KTHE1nWT3PWNQPWEvrHmdrjmKPHcknTDYP1TkTHD_nHTKrjnLsj9YnTDQP1m1rHNLPWb1P1bLTHDkTNujsRKjsN72izLMGO4hBstVOlvUlmaFOmBgl2AClpAdTHDKnEDKsHDKTHDOrHcLPWEznjnzPHcOPj9OrHcKP9DKnEDOP1DYnHwhniYOPvuBsHE1rAnVmH0OmzdBuW-BnyE1P1cQm1TKnHbOnW0vPjckn1ndP10QPWE3nTDQrHbzP1mYnWT1n1nzPWNLnHNzTEDQsjDkTEDKTiYKTEDKTHcQPB31ra3QPWb8nH9vTHTKnTDKnikQnE7exEDQnjT1P9DQnjTQPWmdTH7bmHnzPvw6syn3rjEVPjwhraY3njR6symzmWDkP1KbPjnOnkDKPTDKTHTKrjnLsj9YnakQPjDkPkDQTyOdUAkKnWNYmvmvn1c3PAnvnjTvmk&lego_tid=1da327da-c884-44f8-805a-f2b1070d4393&psid=9c6117082eca716979efe135cca71eda,SUCCESS,1,19.12
2025-11-24T12:20:53.533260,https://hf.zu.anjuke.com/fangyuan/4275571421064194?isauction=2&shangquan_id=14108&legoFeeUrl=https://legoclick.58.com/jump?target=pZwY0ZnlsztdraOWUvYKuadWuAcYuWEzmzdhnANLsHwWmvDVmHnvriYYnH91rj-BnjTdnAmKn103nHcLPWNOrHNLrH9KTHEzP1NdP1DYnWDkPWEQrHEKPjTknTDYnjTkTHD_nHTKrjnLsj9YnTDQP1m1rHNLPWb1P1bLTHDvTNujsRKjsN72izLMGO4hBstVOlvUlmaFOmBgl2AClpAdTHDKnEDKsHDKTHDOrHTdrjm3nWEYnjbdnjNLrHcKP9DKnE7-PhwWnjPbPaYQnvEvsHEQP1DVrADvraYvnjubPH7BmhubuW0KnHbOnjN3PW9zPWDQnWE3P1EzPTDQrHbkPH9vrjcvnj9LnWDdnHTYTEDQsjDkTEDKTiYKTEDKTHcQPB31ra3QPWb8nH9vTHTKnTDKnikQn97exEDQnjT1P9DQnjTQPWmdTH9LuAw-m193syubnhcVPAnYPid6PvmQsyD1PHE3nhubP1K6mEDKPTDKTHTKrjnLsj9YnakQPjDkrTDQTyOdUAkKnHczmH7-PyNOuAnkrj6WP9&lego_tid=87ddec88-fd2b-4c45-a7f1-a35482fd70aa&psid=9c6117082eca716979efe135cca71eda,SUCCESS,1,19.12
2025-11-24T12:21:44.008794,https://hf.zu.anjuke.com/fangyuan/4290000472334349?isauction=2&shangquan_id=32241&legoFeeUrl=https://legoclick.58.com/jump?target=pZwY0ZnlsztdraOWUvYKuadWuAcYuWEzmzdhnANLsHwWmvDVmHnvriYYnH91rj-BnjTdnAmKn1cOrj9dnWbYrHN3nWTKTHEzrHTknjTYP1c1n1E1PjbKPWTknTDvnjTkTHD_nHTKrjnLsj9YnTDQP1m1rHNLPWb1P1bLTHD3TNujsRKjsN72izLMGO4hBstVOlvUlmaFOmBgl2AClpAdTHDKnEDKsHDKTHDOrHckn191n1bkPWcknWcQPjNKP9DKnEDYuWcLnyEQPaYvnADOsHwWPjbVrARbnzY3PWPhrHEOnju-nhcKnHbOnWT1rjn1rHDvPWbLn1bdnkDQrHbznjn3n1nOnHcOnWcOn1D1TEDQsjDkTEDKTiYKTEDKTHcQPB31ra3QPWb8nH9vTHTKnTDKnikQnE7exEDQnjT1P9DQnjTQPWmdTHn1n1wWujKBsyDdPHDVPjTLPzY3ujmksyu-njNdnhDOPWE1nEDKPTDKTHTKrjnLsj9Ynak1nWcYnEDQTyOdUAkKmhPbryckuj-WnHm3rjIBmE&lego_tid=3334cd0b-a551-4077-8d60-fe0552a96431&psid=9c6117082eca716979efe135cca71eda,SUCCESS,1,19.12
2025-11-24T12:24:25.107958,https://hf.zu.anjuke.com/fangyuan/4233240387543046?isauction=2&shangquan_id=32241&legoFeeUrl=https://legoclick.58.com/jump?target=pZwY0ZnlsztdraOWUvYKuadWuAcYuWEzmzdhnANLsHwWmvDVmHnvriYYnH91rj-BnjTdnAmKPHNQrH0LnWNznH9kPWcKTHEzn1nzPjT1rj0dPjnkPjmKP1DknTDLnHTkTHD_nHTKrjnLsj9YnTDQP1m1rHNLPWb1P1b3THcvTNujsRKjsN72izLMGO4hBstVOlvUlmaFOmBgl2AClpAdTHDKnEDKsHDKTHDOrHD1nWmOrjNYnH9zrH01PjmKP9DKnED3PWDLujRWuBY1n1u6sHEOPH0Vrj03nBd6rAR6nWw6nWIBnynKnHbOnHnzPWb3PHNzP1nYrHcYrEDQrHbQn1cvrH9dPHTznj9QnjcdTEDQsjDkTEDKTiYKTEDKTHcQPB31ra3QPWb8nH9vTHTKnTDKnikQn97exEDQnjT1P9DQnjTQPWmdTyF-PHNvnWEzsHNOnhDVPjE3PiY3uyEzsyRBP1DYmyRbuyD1nEDKPTDKTHTKrjnLsj9Ynak1nWcYnEDQTyOdUAkKmHcLP1IWPhnOuj6WuH9vn9&lego_tid=be556242-592a-4485-8ed2-eb714aedea31&psid=9c6117082eca716979efe135cca71eda,SUCCESS,1,19.11
2025-11-24T12:25:14.161501,https://hf.zu.anjuke.com/fangyuan/4264256520858638?isauction=2&shangquan_id=24964&legoFeeUrl=https://legoclick.58.com/jump?target=pZwY0ZnlsztdraOWUvYKuadWuAcYuWEzmzdhnANLsHwWmvDVmHnvriYYnH91rj-BnjTdnAmKPWDvn1TzrjNvrjT3rH9KTHEzPWEzPHmdnWT3PH9vn19KPHNknTDdPHTkTHD_nHTKrjnLsj9YnTDQP1m1rHNLPWb1P1b3THc3TNujsRKjsN72izLMGO4hBstVOlvUlmaFOmBgl2AClpAdTHDKnEDKsHDKTHDOP1ELPHN1rjbzPjNzPj0Yrj9KP9DKnE7WnH9zujRbriY3PhDLsHEzPH0VmH03mid-uhR-ry7BPjuWnAmKnHbLPj0dPHnOnj9QrjDkn1cOP9DQrH0YP1Ndn1bkP193rjn1nW9kTEDQsjDkTEDKTiYKTEDKTHcQPB31ra3QPWb8nH9vTHTKnTDKnikQn97exEDQnjT1P9DQnjTQPWmdTycdmyELrjI6sH76nhnVPj6BuBYOujczsHbznHDOuWRhuADOnkDKPTDKTHTKrjnLsj9YnakzPjbvPTDQTyOdUAkKuHNOm16WnHcYn17bm19OuT&lego_tid=b5ad787a-1a2c-48bf-9d22-92119f5fda93&psid=9c6117082eca716979efe135cca71eda,SUCCESS,1,19.12
2025-11-24T12:26:58.716162,https://hf.zu.anjuke.com/fangyuan/4322533166964743?isauction=2&shangquan_id=32241&legoFeeUrl=https://legoclick.58.com/jump?target=pZwY0ZnlsztdraOWUvYKuadWuAcYuWEzmzdhnANLsHwWmvDVmHnvriYYnH91rj-BnjTdnAmKrjNvrHEQnHmOnWn1rH0KTHE1nWcdn1nQPWmOPWELPjnKrHTknTDOnjTkTHD_nHTKrjnLsj9YnTDQP1m1rHNLPWb1P1b3THn1TNujsRKjsN72izLMGO4hBstVOlvUlmaFOmBgl2AClpAdTHDKnEDKsHDKTHDOrHcznj91rjmYrHndn191njEKP9DKnEDYrj6-m1ckuaYOPAnzsHELrH0VmW9OuBYdnj9OnW6hrAmvPvEKnHbOnWckrjn3PWNOnjDknHNkPTDQrHbznWT3n19vPHmYrHnQPH9YTEDQsjDkTEDKTiYKTEDKTHcQPB31ra3QPWb8nH9vTHTKnTDKnikQnE7exEDQnjT1P9DQnjTQPWmdTHR6m1DvmvcksHNLnjNVPjmYPiY3uWKbsHw6rHcznAEvujmdrEDKPTDKTHTKrjnLsj9Ynak1nWcYnEDQTyOdUAkKujuhrAF6uAckmH0QnyNLm9&lego_tid=5ac16cb0-5705-4645-8f0d-4a9220d6d659&psid=9c6117082eca716979efe135cca71eda,SUCCESS,1,19.13
2025-11-24T12:28:07.442478,https://hf.zu.anjuke.com/fangyuan/4324790380878852?isauction=2&shangquan_id=5008&legoFeeUrl=https://legoclick.58.com/jump?target=pZwY0ZnlsztdraOWUvYKuadWuAcYuWEzmzdhnANLsHwWmvDVmHnvriYYnH91rj-BnjTdnAmKn1cOrj9dnWbYrHN3nWTKTHE1nWELrHT1rjT3P193PHcKPjNknTDYPHTkTHD_nHTKrjnLsj9YnTDQP1m1rHNLPWb1P1b3THnvTNujsRKjsN72izLMGO4hBstVOlvUlmaFOmBgl2AClpAdTHDKnEDKsHDKTHDOrHcLPWEkP19zPjNOnWE3PWNKP9DKnE76nARbnjDLraY1n1whsHE1ujNVryFbmidbPHP-nA7bPhNQPWmKnHbOnW0vPjTLrjnYnWnLP1ELn9DQrHbzP1mYnj03n1D1njn1P1cOTEDQsjDkTEDKTiYKTEDKTHcQPB31ra3QPWb8nH9vTHTKnTDKnikQnE7exEDQnjT1P9DQnjTQPWmdTH9QuyEzmhELsH0zuHTVPj66radBnvNvsyPBuhcvujE3m1-bmkDKPTDKTHTKrjnLsj9YnakdnjT3THDKUMR_UTD3P1mOryRWnWuBnvEzPjDv&lego_tid=81ed2bd7-72e0-48a8-b3e6-cbfb6d48c9dc&psid=9c6117082eca716979efe135cca71eda,SUCCESS,1,19.12
2025-11-24T12:28:38.950368,https://hf.zu.anjuke.com/fangyuan/4327631619484677?isauction=2&shangquan_id=5012&legoFeeUrl=https://legoclick.58.com/jump?target=pZwY0ZnlsztdraOWUvYKuadWuAcYuWEzmzdhnANLsHwWmvDVmHnvriYYnH91rj-BnjTdnAmKnWmLnjmkP1Tvn1m3nj0KTHE1nW0vn1DvnHbYrjEvP10KPjTknTDYnjTkTHD_nHTKrjnLsj9YnTDQP1m1rHNLPWb1P1b3THnLTNujsRKjsN72izLMGO4hBstVOlvUlmaFOmBgl2AClpAdTHDKnEDKsHDKTHDOrHTOrjDdrHT1rjDkP1mYrjTKP9DKnEDQrHT1mhu6mBdWnhuhsHwBnvmVmyc3uidhmvFWuHmLuHE3mWDKnHbOnjb3nHNOnjEOnjT1rjcLn9DQrHbkrH9QPHbkPjmkP19kPHEdTEDQsjDkTEDKTiYKTEDKTHcQPB31ra3QPWb8nH9vTHTKnTDKnikQnE7exEDQnjT1P9DQnjTQPWmdTHnzmHNvPHnvsHmknhnVPjc3nzYOnvcYsymdmhNQmhEkuHc3PEDKPTDKTHTKrjnLsj9YnakdnjDzTHDKUMR_UTDkuW6-nW7bmhNzn191mhEQ&lego_tid=32a56536-602c-4283-93b4-f5be1bd0e285&psid=9c6117082eca716979efe135cca71eda,SUCCESS,1,19.11
2025-11-24T12:29:28.325651,https://hf.zu.anjuke.com/fangyuan/4142654434582529?isauction=2&shangquan_id=14107&legoFeeUrl=https://legoclick.58.com/jump?target=pZwY0ZnlsztdraOWUvYKuadWuAcYuWEzmzdhnANLsHwWmvDVmHnvriYYnH91rj-BnjTdnAmKPHE3njTYrH0dn1TQn1NKTHEQPjcvPHEYn1EdrjcdnWbKPWNknTDvPHTkTHD_nHTKrjnLsj9YnTDQP1m1rHNLPWb1P1b3THnOTNujsRKjsN72izLMGO4hBstVOlvUlmaFOmBgl2AClpAdTHDKnEDKsHDKTHDOrHcdnWDQPWNzPjcOnHcLPW9KP9DKnE7WrjD3PWwhraY1Pj9LsHEzPHmVmWKWnBdbmW7huAEduj6WnHbKnHbOnWNznHDvPHnYn1mvPWDLP9DQrHbzPHcQnHmdn1D3PHTYPjE3TEDQsjDkTEDKTiYKTEDKTHcQPB31ra3QPWb8nH9vTHTKnTDKnikQn97exEDQnjT1P9DQnjTQPWmdTynQn1-BnjEOsyFBrjcVPAEvPzdBmWD1sHF6nj6bnHmzPhczPTDKPTDKTHTKrjnLsj9YnakQPjDkPkDQTyOdUAkKmW0QnWNYuyw6PW9QnjRWnE&lego_tid=c139b049-bb82-4d67-bb13-2a08d1626b24&psid=9c6117082eca716979efe135cca71eda,SUCCESS,1,19.13
2025-11-24T12:30:19.164909,https://hf.zu.anjuke.com/fangyuan/4326644552212481?isauction=2&shangquan_id=14111&legoFeeUrl=https://legoclick.58.com/jump?target=pZwY0ZnlsztdraOWUvYKuadWuAcYuWEzmzdhnANLsHwWmvDVmHnvriYYnH91rj-BnjTdnAmKPWEdnWDYnWndrHNdrTDKPjnzPWmYPjNdnWcQnWE3nEDYP1TkTHELnjTKnikQnTD3n10_rjEkTHDLPWnOPH0vrHnLrHbKPjDKwbnVNDnVENGssXXMMSpcfzLMoufG9cM-BFxCCpWGCUNKnEDQTEDVnEDKnHbOnjbdrjnOnjbzPWnOP1EYPEDvTEDQTH9YuH-WrjKbsH0QPyNVPjFBnzdBrjw6sHTvn1D1uj0Ymvm3uTDQrHbkrHN3n1bQnjcLnHNOnjEkTHDOrHTOPH91rHTOrH0LnjELnjEKTHD_nHTKTEDKsEDKTEDKnWDvsWn3sWDvri3QrjmKnTDkTEDQsjDzTgVqTHDknjnvTHDknjDvPWNKnWI-PjNvrjDVujDQnaYYn1b1sH9LmWEVnAckrycdPWb3PWT3TEDYTEDKnTD3n10_rjEksjDYnHDQTHDKUMR_UTDduW76ujTzPjNLuAEYrANv&lego_tid=27e45681-d110-4393-87b4-0b09b5698608&psid=9c6117082eca716979efe135cca71eda,SUCCESS,1,19.12
2025-11-24T12:31:51.356337,https://hf.zu.anjuke.com/fangyuan/4295335153495048?isauction=2&shangquan_id=14098&legoFeeUrl=https://legoclick.58.com/jump?target=pZwY0ZnlsztdraOWUvYKuadWuAcYuWEzmzdhnANLsHwWmvDVmHnvriYYnH91rj-BnjTdnAmKPH0zPWcYPHcYnjb3rjDKTHEzrHN1n1NQPHnYrHNkPj9KPHnknTDdn1TkTHD_nHTKrjnLsj9YnTDQP1m1rHNLPWb1P1bOTHEdTNujsRKjsN72izLMGO4hBstVOlvUlmaFOmBgl2AClpAdTHDKnEDKsHDKTHDOrHcLPHN1PW0OrH0LnWcvnWNKP9DKnEDLuhN3nHnvuBYLnj-hsHEznhmVrjuBnaYLryuhmHNzuhNQnhmKnHbOnW0dPHnvrjTOrjcLrHEzPTDQrHbzP1Ndn1m3njm3rHc1n1bzTEDQsjDkTEDKTiYKTEDKTHcQPB31ra3QPWb8nH9vTHTKnTDKnikQn97exEDQnjT1P9DQnjTQPWmdTHT3PANznyu-sywhP10VPjcvnaY3PymvsH7hPWRbPjEkrjI-m9DKPTDKTHTKrjnLsj9YnakQPjTOrTDQTyOdUAkKmhnkny7hP10LnAndmvnYPE&lego_tid=084e21fe-df77-4260-85f6-1f65d44087eb&psid=9c6117082eca716979efe135cca71eda,SUCCESS,1,19.11
2025-11-24T12:32:38.832411,https://hf.zu.anjuke.com/fangyuan/4309202829421579?isauction=2&shangquan_id=14107&legoFeeUrl=https://legoclick.58.com/jump?target=pZwY0ZnlsztdraOWUvYKuadWuAcYuWEzmzdhnANLsHwWmvDVmHnvriYYnH91rj-BnjTdnAmKnHTvnWcOnjNYPHnQn1bdTEDYn1TOnWTzrjcOPjcQPH0OTHEdnjTKPjNknTDQsjDkTH91Pzk3PjTKnH0vn1bdP1mOn10OrEDYPk7AEzdEEzdKib_VOlXxOCB4sXXVhShTBXyc-SB6Jrh6VEDQTHDKTiYQTEDQrHbzP1mLrHDkPWb3rjc1PW9QTHmKTHDKmWELuyNQujTVuHnYPBYYmyEzsH9dnAnVP1mvPvPWP1Dduj-hTHDOrHcLPW0OnHT3nHmzPW9zrHTKnHbOnW0vP1bQnj0OnHTOrjnvrTDKnikQnTDKTEDVTEDKTEDznHm8n198nHmOsWD3P9DkTHTKTHD_nHDKXLYKnHTkn1mKnHTknHmvPEDvPjN1PhFBmzYQrjDdsHw-mHNVmhRbPiYknHPhmH6WnWRhn1DKTHEKTEDkTH91Pzk3PjT_nHEQnj0KnE78IyQ_TH9knyDYryN1PhEYPy7WnWm&lego_tid=64536bbc-1815-4ea5-bed5-013fa8c25f31&psid=9c6117082eca716979efe135cca71eda,SUCCESS,1,19.11
2025-11-24T12:33:09.753437,https://hf.zu.anjuke.com/fangyuan/4233325574810624?isauction=2&shangquan_id=14107&legoFeeUrl=https://legoclick.58.com/jump?target=pZwY0ZnlsztdraOWUvYKuadWuAcYuWEzmzdhnANLsHwWmvDVmHnvriYYnH91rj-BnjTdnAmKnWmdrjEznjTLnjmkPHNKTHEzn1n1nWNdP1E3nHTvnWEKPWNknTDvPHTkTHD_nHTKrjnLsj9YnTDQP1m1rHNLPWb1P1bOTHE3TNujsRKjsN72izLMGO4hBstVOlvUlmaFOmBgl2AClpAdTHDKnEDKsHDKTHDOPW0krjbQrHNkrj9YPH0LnWbKP9DKnE7hnyckm1-BuBY1nAu-sHEOnAcVrAFbmidbnHEvmWcOnynQuhNKnHbvP1T3rHDOPW9zrHDkPWDLP9DQrHmLnj9OnHbvrjT3njc3nHmkTEDQsjDkTEDKTiYKTEDKTHcQPB31ra3QPWb8nH9vTHTKnTDKnikQn97exEDQnjT1P9DQnjTQPWmdTHn3m166PHPhsy76rj0VPj0YPzY3m1KhsHDkPHP-nWK6rHTvuTDKPTDKTHTKrjnLsj9YnakQPjDkPkDQTyOdUAkKm1PWuWFhuAEvPjnkmyPbu9&lego_tid=38c8a53f-aa87-4747-8c0f-1053e20a906d&psid=9c6117082eca716979efe135cca71eda,SUCCESS,1,19.12
2025-11-24T12:33:59.097486,https://hf.zu.anjuke.com/fangyuan/4227696655657988?isauction=2&shangquan_id=32240&legoFeeUrl=https://legoclick.58.com/jump?target=pZwY0ZnlsztdraOWUvYKuadWuAcYuWEzmzdhnANLsHwWmvDVmHnvriYYnH91rj-BnjTdnAmKrH9LrHDYP1ndn1EOrHDKTHEznW0vrHmvPHNvPH0Orj9KPj0knTDYP1TkTHD_nHTKrjnLsj9YnTDQP1m1rHNLPWb1P1bOTHNkTNujsRKjsN72izLMGO4hBstVOlvUlmaFOmBgl2AClpAdTHDKnEDKsHDKTHDOrHcdrHEOnjNvrHbOrHDdPHcKP9DKnE7BPH6bPWuhuaYzm1D1sHE1P1nVmWE1uBdWmymQmWcLnWEvnWTKnHbOnWNOPjbkPH9kPjb1PHDvrEDQrHbzPHbYrHTdP10OP10LPHnvTEDQsjDkTEDKTiYKTEDKTHcQPB31ra3QPWb8nH9vTHTKnTDKnikQn97exEDQnjT1P9DQnjTQPWmdTH0vrHDQuj93sHmdm1TVPj9Qrid6mH66sy7huH-hPHFWm1IWn9DKPTDKTHTKrjnLsj9Ynak1nWcYnTDQTyOdUAkKPHNkPycknWmvuAn1uWnOu9&lego_tid=76911d88-65c0-4819-aa8a-afe9f52cc7c2&psid=9c6117082eca716979efe135cca71eda,SUCCESS,1,19.12
2025-11-24T12:34:48.782456,https://hf.zu.anjuke.com/fangyuan/4305401307339788?isauction=2&shangquan_id=14100&legoFeeUrl=https://legoclick.58.com/jump?target=pZwY0ZnlsztdraOWUvYKuadWuAcYuWEzmzdhnANLsHwWmvDVmHnvriYYnH91rj-BnjTdnAmKnHTYP1DOPHDzP1nLn1EdTEDYn1TdPjTQn1TLn1nOP193THNznjTKPHcknTDQsjDkTH91Pzk3PjTKnH0vn1bdP1mOn10OrEDdn97AEzdEEzdKib_VOlXxOCB4sXXVhShTBXyc-SB6Jrh6VEDQTHDKTiYQTEDQrHbzP1mYn1nLrjDYPWTdrjcYTHmKTHDKPWw-Pj-BnjbVuHbvmBYYn1PhsH--Pj9VPjb1P19vuWwhuyw6THDOrHcLPWE1n10On1mzPWDQnWTKnHbOnW0vPjn1P1bQnjbOnW9OP9DKnikQnTDKTEDVTEDKTEDznHm8n198nHmOsWD3P9DkTHTKTHD_nHDKXLYKnHTkn1mKnHTknHmvPEDQuH0zP1u-miYOnvD3sHwBPhDVmhDvmBY3nW9LuhubujPWPHcKTHEKTEDkTH91Pzk3PjT_nHEQnjTKnE78IyQ_THbLuAmYnAmOuycdnhNdnHD&lego_tid=1e7276ea-93a8-4b6a-ba6b-8287ffdd3c52&psid=9c6117082eca716979efe135cca71eda,SUCCESS,1,19.11
2025-11-24T12:35:38.512666,https://hf.zu.anjuke.com/fangyuan/4327807705635842?isauction=2&shangquan_id=32241&legoFeeUrl=https://legoclick.58.com/jump?target=pZwY0ZnlsztdraOWUvYKuadWuAcYuWEzmzdhnANLsHwWmvDVmHnvriYYnH91rj-BnjTdnAmKrHbkrHbLPj0OPWcQnW9KTHE1nW03nj0LnjNvn1N3PjcKP1DknTDLnHTkTHD_nHTKrjnLsj9YnTDQP1m1rHNLPWb1P1bOTHNYTNujsRKjsN72izLMGO4hBstVOlvUlmaFOmBgl2AClpAdTHDKnEDKsHDKTHDOrHc3nj9YPjEYrH9OnHN1nW9KP9DKnEDLujndmH6-nzYYnvNzsHELPycVmhm1riYQuyEvP1NvnvmYmvDKnHbOnW9krjEYPjmkP19LP1DznTDQrHbzrjT3PjEYPH9zP1T1nHTYTEDQsjDkTEDKTiYKTEDKTHcQPB31ra3QPWb8nH9vTHTKnTDKnikQn97exEDQnjT1P9DQnjTQPWmdTHu-mHI-ryNOsyR-myEVPj7BPBdBuWubsyc1rju-PANvnvcYmEDKPTDKTHTKrjnLsj9Ynak1nWcYnEDQTyOdUAkKnHNzmvRWnHRBuWI6uHmkm9&lego_tid=6ea7e9e9-eead-41b6-bf6d-b386e4e63b4a&psid=9c6117082eca716979efe135cca71eda,SUCCESS,1,19.13
2025-11-24T12:36:45.946543,https://hf.zu.anjuke.com/fangyuan/4332082234399757?isauction=2&shangquan_id=5012&legoFeeUrl=https://legoclick.58.com/jump?target=pZwY0ZnlsztdraOWUvYKuadWuAcYuWEzmzdhnANLsHwWmvDVmHnvriYYnH91rj-BnjTdnAmKnHDYnj0Ln1ndrHELnj9QTEDYn1nznj9znWnYn1bOP1NLTHEknjTKPjTknTDQsjDkTH91Pzk3PjTKnH0vn1bdP1mOn10OrEDdPk7AEzdEEzdKib_VOlXxOCB4sXXVhShTBXyc-SB6Jrh6VEDQTHDKTiYQTEDQrHbzrjTzrHE1nWc3rjcQPHTLTHmKTHDKmymYPHEzPAnVPAwWmzYYrjK6syDkuANVmHn1PHNLPvEQP1K6THDOrHc3njcOPjn1nWbYrjTLnjEKnHbOnW9knWbYn1nknjDQPWE3nTDKnikQnTDKTEDVTEDKTEDznHm8n198nHmOsWD3P9DkTHTKTHD_nHDKXLYKnHTkn1mKnHTknHmvPEDvmWP6n19QuaYQnAE3sHEvPvmVrjb3riYLuycvPWubmvPBmhDKTHEKTEDkTH91Pzk3PjT_PHTQn9DQTyOdUAkKrjbQm1NzrARhPhEznADQnE&lego_tid=6b3a381d-10d8-467f-8989-7eb666dccbba&psid=9c6117082eca716979efe135cca71eda,SUCCESS,1,19.12
2025-11-24T12:37:35.542283,https://hf.zu.anjuke.com/fangyuan/4320588338441224?isauction=2&shangquan_id=14097&legoFeeUrl=https://legoclick.58.com/jump?target=pZwY0ZnlsztdraOWUvYKuadWuAcYuWEzmzdhnANLsHwWmvDVmHnvriYYnH91rj-BnjTdnAmKnHD1nW03P1TOnHNQPHmQTEDYn1ckPH93n1n3PjEQnWcYTHEknjTKPjTknTDQsjDkTH91Pzk3PjTKnH0vn1bdP1mOn10OrEDdrE7AEzdEEzdKib_VOlXxOCB4sXXVhShTBXyc-SB6Jrh6VEDQTHDKTiYQTEDQrHbzPjckPWNQPjNLnHm1nWmvTHmKTHDKrANOnAEkujbVnvc3PBYYnAcdsyF6mHNVnjN3mWwWm10dPjTQTHDOrHcYnWTvPHDdPWDOnWcdPWNKnHbOnWEznjmdnHNYPHcYn1mYrEDKnikQnTDKTEDVTEDKTEDznHm8n198nHmOsWD3P9DkTHTKTHD_nHDKXLYKnHTkn1mKnHTknHmvPE7hP1PbrHbzPzd6PHTdsHEYPvEVmHnknad-m193uhcYPyn3nW0KTHEKTEDkTH91Pzk3PjT_nHEkrH0KnE78IyQ_TyFBPH6WuH03PHN1Pj-bmWT&lego_tid=f73d9927-a505-447d-a300-ec88fb45c827&psid=9c6117082eca716979efe135cca71eda,SUCCESS,1,19.12
2025-11-24T12:38:07.083136,https://hf.zu.anjuke.com/fangyuan/4331952773639181?isauction=2&shangquan_id=32241&legoFeeUrl=https://legoclick.58.com/jump?target=pZwY0ZnlsztdraOWUvYKuadWuAcYuWEzmzdhnANLsHwWmvDVmHnvriYYnH91rj-BnjTdnAmKnHDYnWNznHEkn19zP1bQTEDYn1nQrHNzP101PWnOnH9QTH0QnjTKP1DknTDQsjDkTH91Pzk3PjTKnH0vn1bdP1mOn19knTDvnT7AEzdEEzdKib_VOlXxOCB4sXXVhShTBXyc-SB6Jrh6VEDQTHDKTiYQTEDQrHbzPjNYP1m1nWbOPH9QrHNzTHmKTHDKryF6PhmYujbVP1PWraYYnAE1sy7hm1TVnW01PADkrADYP1cYTHDOrHcYPHELPWn1rHmkPjm3Pj9KnHbOnWEdPj0vn1nLrHDLrHNznTDKnikQnTDKTEDVTEDKTEDznHm8n198nHmOsWD3P9DkTHTKTHD_nHcKXLYKnHTkn1mKnHTknHmvPE76PWEOrAE3PiY3nhDOsHEOn1cVmWnYuBYOm10LnjcvrAnYmH0KTHEKTEDkTH91Pzk3PjT_n1czPjDKnE78IyQ_TyDvuhDzn1bQmWT1nWcYuHN&lego_tid=a6498d85-82a9-4932-b34f-9c770268c4a7&psid=9c6117082eca716979efe135cca71eda,SUCCESS,1,19.12
2025-11-24T13:17:25.381200,https://hf.zu.anjuke.com/fangyuan/shushanqu/,SUCCESS,1,19.11
2025-11-24T13:19:36.916689,https://hf.zu.anjuke.com/fangyuan/4320888171273221?isauction=2&shangquan_id=32241&legoFeeUrl=https://legoclick.58.com/jump?target=pZwY0ZnlsztdraOWUvYKuaYknWmQPHEzmid6rjnYsHE1mWcVrjbznadBnWbzuH0LP1bQmvEKnHDkPHNvnH93nHN1PjDkTEDYn1ckrj93nH0QnW01nWcQTHbknjTKrHTknTDQsjDkTH91Pzk3PjTKnH0vn1bvnHNkn1TzPEDzTNujsRKjsN72izLMGO4hBstVOlvUlmaFOmBgl2AClpAdTHDKnEDKsHDKTHDOrHcQP1NLrH0Qnjn3PWbOPHnKP9DKnEDdPj9OPyRbrid-rjTdsHE1mhmVrAcvuiYvuycvPj7-nHFhn1TKnHbOnWDLPH0OP1czPHEQPjmdP9DQrHbznH0dP1bLnHbvnjNYPHcOTEDQsjDkTEDKTiYKTEDKTHcQPB31ra3QPWb8nH9vTHTKnTDKnikQnE7exEDQnjT1P9DQnjTQPWmdTyndm1uhP1nzsyPWn1EVPjKbraY3n1RhsHD3ujR-m19OPj9vP9DKPTDKTHTKrjnLsj9Ynak1nWcYnEDQTyOdUAkKPj9zmvuBPHKBPhNYrHnYrT&lego_tid=c5c6f732-cc34-40d8-835f-18d5ec894866&psid=2ce39e026b10c97906cee41063a01080,SUCCESS,1,19.12
2025-11-24T13:20:08.338499,https://hf.zu.anjuke.com/fangyuan/4211467864534030?isauction=2&shangquan_id=14107&legoFeeUrl=https://legoclick.58.com/jump?target=pZwY0ZnlsztdraOWUvYKuaYknWmQPHEzmid6rjnYsHE1mWcVrjbznadBnWbzuH0LP1bQmvEKPWDdPHcvnjcYrjcvrHcKTHEznHDYPW03PWEdn1Ekn1TKPjNknTDYPHTkTHD_nHTKrjnLsj9YnTDQP1m1rHmQPHT1njcdTHnKwbnVNDnVENGssXXMMSpcfzLMoufG9cM-BFxCCpWGCUNKnEDQTEDVnEDKnHbOnHDvrH0QnjnQP10dPWEQP9DvTEDQTH03PAnkPjP6sHT3n1EVPj66PBYOnHN3sy7hnhNdPAwbn1cvPTDQrHbQnHmOP1DkPjczPHDdP1DzTHDOrHDQPWbLnHT1rH0Yn1D3nj9KTHD_nHTKTEDKsEDKTEDKnWDvsWn3sWDvri3QrjmKnTDkTEDQsjDQTgVqTHDknjnvTHDknjDvPWNKnvR6nWbYrHbVnHDOPBYYmH0OsH91njNVryFbrHckuhndmHN1TEDYTEDKnTD3n10_rjEksjDYnHTLTHDKUMR_UTDYuWNLm1uBnjmzrjR6rycz&lego_tid=3ea29499-1196-4a79-8305-9bd920fc5a53&psid=2ce39e026b10c97906cee41063a01080,SUCCESS,1,19.10
2025-11-24T13:20:39.481037,https://hf.zu.anjuke.com/fangyuan/4308094693760005?isauction=2&shangquan_id=32241&legoFeeUrl=https://legoclick.58.com/jump?target=pZwY0ZnlsztdraOWUvYKuaYknWmQPHEzmid6rjnYsHE1mWcVrjbznadBnWbzuH0LP1bQmvEKPjbdn1cYnH0kPHnYPH0KTHE1nj9krHEvrHnLPWTknjNKP1DknTDLnHTkTHD_nHTKrjnLsj9YnTDQP1m1rHmQPHT1njcvTHEKwbnVNDnVENGssXXMMSpcfzLMoufG9cM-BFxCCpWGCUNKnEDQTEDVnEDKnHbOnWnOrHnLn1NkPHNQrHmQPkDvTEDQTHmYm10zmh7-sHcQPWTVPjP6uad6PAEvsHPWm103uymkuH9kPkDQrHbzn1bOn101PWDknWmvPWcYTHDOrHc1rHb1P1ndrjTOnHEvrj9KTHD_nHTKTEDKsEDKTEDKnWDvsWn3sWDvri3QrjmKnTDkTEDQsjDzTgVqTHDknjnvTHDknjDvPWNKnAEvPyFhPhEVPj6-PaYYmhEdsH6WrAcVPyE1nynQPyRWPjTLTEDYTEDKnTD3n10_rjEksjnznWEQTHDKUMR_UT76uj9LrHTdrj0LuH9LPAm1&lego_tid=0d65bf6d-48e4-4bd5-8c8b-5d31c15ec407&psid=2ce39e026b10c97906cee41063a01080,SUCCESS,1,19.11
2025-11-24T13:22:39.272258,https://hf.zu.anjuke.com/fangyuan/4291251117793291?isauction=2&shangquan_id=14097&legoFeeUrl=https://legoclick.58.com/jump?target=pZwY0ZnlsztdraOWUvYKuaYknWmQPHEzmid6rjnYsHE1mWcVrjbznadBnWbzuH0LP1bQmvEKnHT1nHEvrH9LrH93nWbQTEDYnWbQnWNQnHDLP1b1nWbQTHmknjTKPWTknTDQsjDkTH91Pzk3PjTKnH0vn1bvnHNkn1TzP9DQnT7AEzdEEzdKib_VOlXxOCB4sXXVhShTBXyc-SB6Jrh6VEDQTHDKTiYQTEDQrHbzPjTdPHE1rjEzPHTYP1TvTHmKTHDKrAm3mW6-Pj0VPvE3nzYYryNksH9OPvcVPWwbuH9LmW-hryc3THDOrHcYnjNdPjnOn19OPWNdnjEKnHbOnWEkPHNYn1bQn193PHmOP9DKnikQnTDKTEDVTEDKTEDznHm8n198nHmOsWD3P9DkTHTKTHD_nHDKXLYKnHTkn1mKnHTknHmvPE7-uW--mHTkuBdbuHbYsHEYrjNVrAnkuidWm1wWP1R-nWN1PWEKTHEKTEDkTH91Pzk3PjT_nHEkrH0KnE78IyQ_THR6PH9zPynYnjTknHwbuhn&lego_tid=ef9ea00f-de94-4485-8c0e-cc4c75e25364&psid=2ce39e026b10c97906cee41063a01080,SUCCESS,1,19.12
2025-11-24T13:23:11.485391,https://hf.zu.anjuke.com/fangyuan/4331882302778372?isauction=2&shangquan_id=14090&legoFeeUrl=https://legoclick.58.com/jump?target=pZwY0ZnlsztdraOWUvYKuaYknWmQPHEzmid6rjnYsHE1mWcVrjbznadBnWbzuH0LP1bQmvEKPW0QPjNQP1NdrHNLrH9KTHE1n1D3rjc1njcLP191P1cKPjTknTDYnjTkTHD_nHTKrjnLsj9YnTDQP1m1rHmQPHT1njcvTHDQTNujsRKjsN72izLMGO4hBstVOlvUlmaFOmBgl2AClpAdTHDKnEDKsHDKTHDOrHcQrHDvrHb3nW9YPHn1P1mKP9DKnE7-PhN3uHcknzYdPyNOsHEYP1NVrHTkPaYdn1n3uhnLmvcQP1bKnHbOnWDOnHmOrHbdnjT3rjDOn9DQrHbznHbQPWbOrHcYrHnYPWNvTEDQsjDkTEDKTiYKTEDKTHcQPB31ra3QPWb8nH9vTHTKnTDKnikQnE7exEDQnjT1P9DQnjTQPWmdTyn1PWRBPW9ksyE1PhcVPAD3uad6PWbLsH66rARhmWK6uHwWnEDKPTDKTHTKrjnLsj9YnakQPjTOnTDQTyOdUAkKryN1PHTvnhcznhEkuARhuT&lego_tid=c365b680-d36b-4a8d-a697-8a8efb0ae4c1&psid=2ce39e026b10c97906cee41063a01080,SUCCESS,1,19.12
2025-11-24T13:23:43.906246,https://hf.zu.anjuke.com/fangyuan/4303901886684162?isauction=2&shangquan_id=32240&legoFeeUrl=https://legoclick.58.com/jump?target=pZwY0ZnlsztdraOWUvYKuaYknWmQPHEzmid6rjnYsHE1mWcVrjbznadBnWbzuH0LP1bQmvEKn103nHcLPWNOrHNLrH9KTHE1njnOnjD3rjmvrjEQPWcKPj0knTDYP1TkTHD_nHTKrjnLsj9YnTDQP1m1rHmQPHT1njcvTHDzTNujsRKjsN72izLMGO4hBstVOlvUlmaFOmBgl2AClpAdTHDKnEDKsHDKTHDOrHTdrj0dnHmQrj9LPjNLnWbKP9DKnED3PHIhuW03mBYkrHnvsHwBPjmVrHb1riYznhubrH93nHFhPvNKnHbOnjN3P1NQP1bdrjm1rHmQP9DQrHbkPH9LPHDLrHEQrjNYnWTOTEDQsjDkTEDKTiYKTEDKTHcQPB31ra3QPWb8nH9vTHTKnTDKnikQn97exEDQnjT1P9DQnjTQPWmdTyEvmvcYuhRbsyNYnWNVPAuhmiYOPAEvsyc1uWnQuhD3mhF-uTDKPTDKTHTKrjnLsj9Ynak1nWcYnTDQTyOdUAkKnjuWnvckrjDLm1TvuHcQPE&lego_tid=d6cb4fed-e425-4ffa-94d6-b3f31fa8bbed&psid=2ce39e026b10c97906cee41063a01080,SUCCESS,1,19.11
2025-11-24T13:24:52.179195,https://hf.zu.anjuke.com/fangyuan/4291251406823424?isauction=2&shangquan_id=14090&legoFeeUrl=https://legoclick.58.com/jump?target=pZwY0ZnlsztdraOWUvYKuaYknWmQPHEzmid6rjnYsHE1mWcVrjbznadBnWbzuH0LP1bQmvEKnHTQnjmLn1TQrjELrj0dTEDYnWbQnWNQPjTvrjc1PjcYTH9knjTKrjTknTDQsjDkTH91Pzk3PjTKnH0vn1bvnHNkn1TzP9DQPE7AEzdEEzdKib_VOlXxOCB4sXXVhShTBXyc-SB6Jrh6VEDQTHDKTiYQTEDQrHbzrjcQPHDvnWNvrHE3nWcYTHmKTHDKnyw-uj-WnjcVuWbkriYYnyE3sH6WuycVn19duWE3PHKhrj0QTHDOrHc3nWDdnHm1PWDOnHmYnH9KnHbOnW9znHNQPWn1PW0YnWEknTDKnikQnTDKTEDVTEDKTEDznHm8n198nHmOsWD3P9DkTHTKTHD_nHDKXLYKnHTkn1mKnHTknHmvPEDdP16-mHKbnzYOuyP-sHEQmvcVmyFWnadbuyR-m1K6uyDOn10KTHEKTEDkTH91Pzk3PjT_nHEkrHTKnE78IyQ_TH0zrjRBPycQnvP-mvubn1n&lego_tid=578ea0d3-9ece-41cb-abc0-deeec0aea937&psid=2ce39e026b10c97906cee41063a01080,SUCCESS,1,19.12
2025-11-24T13:26:17.761441,https://hf.zu.anjuke.com/fangyuan/4319112559696900?isauction=2&shangquan_id=14098&legoFeeUrl=https://legoclick.58.com/jump?target=pZwY0ZnlsztdraOWUvYKuaYknWmQPHEzmid6rjnYsHE1mWcVrjbznadBnWbzuH0LP1bQmvEKPWD3rjcLPWT3P193PHmKTHE1nHbQnHcdPHbvrHmOnjTKPHnknTDdn1TkTHD_nHTKrjnLsj9YnTDQP1m1rHmQPHT1njcLTHDOTNujsRKjsN72izLMGO4hBstVOlvUlmaFOmBgl2AClpAdTHDKnEDKsHDKTHDOrj9LrHbzrHbkn193Pjc3rjDKP9DKnEDOmvmdryNduad-m1TLsHEYrjTVmyPBmBYLnjmYnj-BPyR6P1NKnHb3rj0OrHnknjbzPWc3P19LnkDQrH93P1bOn1TkrHTOPjDvPjE3TEDQsjDkTEDKTiYKTEDKTHcQPB31ra3QPWb8nH9vTHTKnTDKnikQn97exEDQnjT1P9DQnjTQPWmdTyEYPvuWm19dsywbPhNVPjD1mBYOrj9OsH9drHDzmhEQuhmdnkDKPTDKTHTKrjnLsj9YnakQPjTOrTDQTyOdUAkKnHmdnWcLnyRhuHw6PHmkn9&lego_tid=d47fcc85-dd6e-413b-9889-85912bd1ff53&psid=2ce39e026b10c97906cee41063a01080,SUCCESS,1,19.11
2025-11-24T13:27:07.151295,https://hf.zu.anjuke.com/fangyuan/4315558460989454?isauction=2&shangquan_id=24961&legoFeeUrl=https://legoclick.58.com/jump?target=pZwY0ZnlsztdraOWUvYKuaYknWmQPHEzmid6rjnYsHE1mWcVrjbznadBnWbzuH0LP1bQmvEKP1c1rHDYn191PHNznHmKTHE1nHNdPH9YPWTOrjbYPHEKPjTknTDYnjTkTHD_nHTKrjnLsj9YnTDQP1m1rHmQPHT1njcLTHcQTNujsRKjsN72izLMGO4hBstVOlvUlmaFOmBgl2AClpAdTHDKnEDKsHDKTHDOrHcYPH0zPWN1PWNYnjDvnjDKP9DKnEDkrH7BnWI6uaY3rH91sHE3PhEVryu6PiY3Pv7hP1mQrjuWPAcKnHbOnWEdP1cvPHEvPWTvrjbOn9DQrHbzPjNLnWmdPjEQnjTdPHm3TEDQsjDkTEDKTiYKTEDKTHcQPB31ra3QPWb8nH9vTHTKnTDKnikQnE7exEDQnjT1P9DQnjTQPWmdTym1mWubPADdsHmvuWNVPjcvmidBnvD3sy7-ryndnWK-m1F-uEDKPTDKTHTKrjnLsj9YnakzPjbvnEDQTyOdUAkKP17hPhu-uj0QPhNOmvw-PE&lego_tid=f3b6d4a5-66f5-426a-b3a8-ae9c520ec2ee&psid=2ce39e026b10c97906cee41063a01080,SUCCESS,1,19.13
2025-11-24T13:27:37.625686,https://hf.zu.anjuke.com/fangyuan/4307821931487239?isauction=2&shangquan_id=32241&legoFeeUrl=https://legoclick.58.com/jump?target=pZwY0ZnlsztdraOWUvYKuaYknWmQPHEzmid6rjnYsHE1mWcVrjbznadBnWbzuH0LP1bQmvEKPj0vrH0knHckP1ELP1TKTHE1nj03nWDOn1DYrj0zn1bKP1DknTDLnHTkTHD_nHTKrjnLsj9YnTDQP1m1rHmQPHT1njcLTHczTNujsRKjsN72izLMGO4hBstVOlvUlmaFOmBgl2AClpAdTHDKnEDKsHDKTHDOrHcYnH0znWmznWTvPjmYnjTKP9DKnEDvnhELuj9zuiYQP1RBsHwbPHNVrj-6uidhmvcQPW-WryDzm1cKnHbOnWEQP1czPWnzPHmQnjEOPkDQrHbzPjDLnWcvnWbvnHE1rj0YTEDQsjDkTEDKTiYKTEDKTHcQPB31ra3QPWb8nH9vTHTKnTDKnikQn97exEDQnjT1P9DQnjTQPWmdTHDQnHDQuWuBsyE1P1TVPjb1PiY3PHndsHEvm1IBnjD1m1nzPTDKPTDKTHTKrjnLsj9Ynak1nWcYnEDQTyOdUAkKPW9YrjDzmHTdrjFhnHbOP9&lego_tid=11111f6b-d370-4935-8535-46c7b013c324&psid=2ce39e026b10c97906cee41063a01080,SUCCESS,1,19.12
2025-11-24T13:28:10.000556,https://hf.zu.anjuke.com/fangyuan/4290000472334349?isauction=2&shangquan_id=32241&legoFeeUrl=https://legoclick.58.com/jump?target=pZwY0ZnlsztdraOWUvYKuaYknWmQPHEzmid6rjnYsHE1mWcVrjbznadBnWbzuH0LP1bQmvEKn1cOrj9dnWbYrHN3nWTKTHEzrHTknjTYP1c1n1E1PjbKPWTknTDvnjTkTHD_nHTKrjnLsj9YnTDQP1m1rHmQPHT1njcLTHc1TNujsRKjsN72izLMGO4hBstVOlvUlmaFOmBgl2AClpAdTHDKnEDKsHDKTHDOrHckn191n1bkPWcknWcQPjNKP9DKnEDdPHPhrHTOmiYLuAwBsHw-rHTVrHTknBYdrHR-nynLnvFWnjcKnHbOnWT1rjn1rHDvPWbLn1bdnkDQrHbznjn3n1nOnHcOnWcOn1D1TEDQsjDkTEDKTiYKTEDKTHcQPB31ra3QPWb8nH9vTHTKnTDKnikQnE7exEDQnjT1P9DQnjTQPWmdTHKbujRWPAcdsHN3nWnVPjm3mBd6nW-hsycvPhEYPW7BmWnLm9DKPTDKTHTKrjnLsj9Ynak1nWcYnEDQTyOdUAkKPj7hmHTvPvELPH-BPWNdPT&lego_tid=0dd5c4b5-5823-468b-a29f-b66d461bb37b&psid=2ce39e026b10c97906cee41063a01080,SUCCESS,1,19.12
2025-11-24T13:28:59.204660,https://hf.zu.anjuke.com/fangyuan/4331991193787397?isauction=2&shangquan_id=32240&legoFeeUrl=https://legoclick.58.com/jump?target=pZwY0ZnlsztdraOWUvYKuaYknWmQPHEzmid6rjnYsHE1mWcVrjbznadBnWbzuH0LP1bQmvEKPHTLP1cOnH9kPWEYnj0KTHE1n1DOrHDQrHnLrj01rH0KPWTknTDvnjTkTHD_nHTKrjnLsj9YnTDQP1m1rHmQPHT1njcLTHcdTNujsRKjsN72izLMGO4hBstVOlvUlmaFOmBgl2AClpAdTHDKnEDKsHDKTHDOrHckrHTkrjczPWbdP1nQnWTKP9DKnEDkPHmOn1DLnaY3rHmLsHw6njnVryRhPBYOrHckn1IWrHR6PhEKnHbOnWTOnjT3nWnLnjc1PWEQPkDQrHbznjbknj9zn1Ednj0kPHbzTEDQsjDkTEDKTiYKTEDKTHcQPB31ra3QPWb8nH9vTHTKnTDKnikQnE7exEDQnjT1P9DQnjTQPWmdTyw6mWIBnv76syDdnHcVPAD1niYOrANOsH01uHDYnjEdPH0dnTDKPTDKTHTKrjnLsj9Ynak1nWcYnTDQTyOdUAkKmywhrHDvuHmQPvcdrH0Ymk&lego_tid=dab7b3aa-a512-4a31-98e9-73e140455750&psid=2ce39e026b10c97906cee41063a01080,SUCCESS,1,19.12
2025-11-24T13:29:48.911072,https://hf.zu.anjuke.com/fangyuan/4287973400846347?isauction=2&shangquan_id=14106&legoFeeUrl=https://legoclick.58.com/jump?target=pZwY0ZnlsztdraOWUvYKuaYknWmQPHEzmid6rjnYsHE1mWcVrjbznadBnWbzuH0LP1bQmvEKrHnvnWDvn1EknjEknHmKTHEzrj0OP1nYnjT3Pjm1Pj0KPjTknTDYnjTkTHD_nHTKrjnLsj9YnTDQP1m1rHmQPHT1njcLTHcLTNujsRKjsN72izLMGO4hBstVOlvUlmaFOmBgl2AClpAdTHDKnEDKsHDKTHDOrjDQP1nLrH0Ln191PWbknWEKP9DKnE7WrHw-ujD3nadBnHELsHwWPjEVrj01niYQPhN3nvD1rANzrjTKnHb3nHDLn10OrHEQnH9OPWnzn9DQrH9QnH01P1bOn19zPjcOPWb3TEDQsjDkTEDKTiYKTEDKTHcQPB31ra3QPWb8nH9vTHTKnTDKnikQn97exEDQnjT1P9DQnjTQPWmdTHRhmhubP19YsHP6nhcVPjT1nzYOuH-bsyP6njPhnjTzmWmzrEDKPTDKTHTKrjnLsj9YnakQPjDkP9DQTyOdUAkKPvnYPhnLPjKbnvcknjnLrE&lego_tid=5fbfd784-3a2b-4033-9e9d-ca03f002b629&psid=2ce39e026b10c97906cee41063a01080,SUCCESS,1,19.11
2025-11-24T13:30:19.388255,https://hf.zu.anjuke.com/fangyuan/4305158122052621?isauction=2&shangquan_id=14108&legoFeeUrl=https://legoclick.58.com/jump?target=pZwY0ZnlsztdraOWUvYKuaYknWmQPHEzmid6rjnYsHE1mWcVrjbznadBnWbzuH0LP1bQmvEKPWcvnj0QP1b3rjczPjEKTHE1njNQPH9QnWckPHcvnWDKPHTknTDdnjTkTHD_nHTKrjnLsj9YnTDQP1m1rHmQPHT1njcLTHc3TNujsRKjsN72izLMGO4hBstVOlvUlmaFOmBgl2AClpAdTHDKnEDKsHDKTHDOrjmzPWTvPHcknHmknWDdnjEKP9DKnE7huyczuHNdniYLnHFhsHE1rH9VrHEOuiYzP17-rH7brycvm1bKnHb3PWcvnjmdnWDzPHDLnH0Qn9DQrH9vnWmkPWNznjbdrjT1n1b1TEDQsjDkTEDKTiYKTEDKTHcQPB31ra3QPWb8nH9vTHTKnTDKnikQnE7exEDQnjT1P9DQnjTQPWmdTyE1mycdnhDzsyNvryNVPAEQPiYOryNdsH9YPH7bPWm3mW9kP9DKPTDKTHTKrjnLsj9YnakQPjDkrTDQTyOdUAkKmyEzuAu-njPBuADzuWndPT&lego_tid=d3ab52a2-e69e-4d15-99e5-8451d668b806&psid=2ce39e026b10c97906cee41063a01080,SUCCESS,1,19.12
2025-11-24T13:31:28.655424,https://hf.zu.anjuke.com/fangyuan/4321764950678529?isauction=2&shangquan_id=14090&legoFeeUrl=https://legoclick.58.com/jump?target=pZwY0ZnlsztdraOWUvYKuaYknWmQPHEzmid6rjnYsHE1mWcVrjbznadBnWbzuH0LP1bQmvEKPjb1nHT1PWcvn1EzPH0KTHE1nWDLPWEOPHTvP19dnWbKPj0knTDYP1TkTHD_nHTKrjnLsj9YnTDQP1m1rHmQPHT1njc3THnQTNujsRKjsN72izLMGO4hBstVOlvUlmaFOmBgl2AClpAdTHDKnEDKsHDKTHDOrHTLrHnOPjndP1EYrj0kPjTKP9DKnEDOrywBmhcvuiYYnW0ksHEQmyDVmH0QnBdBmhm3PvELrAcLPhmKnHbOnj0On1bYn1mLrHnvnHTzPEDQrHbkP1b1rHE1PWEOrjb3PjbvTEDQsjDkTEDKTiYKTEDKTHcQPB31ra3QPWb8nH9vTHTKnTDKnikQn97exEDQnjT1P9DQnjTQPWmdTHw6nWTQn16BsH-buj9VPj6hmiYOmW03sHcLuWnOuH-6uAmLuTDKPTDKTHTKrjnLsj9YnakQPjTOnTDQTyOdUAkKuHDzPWIBPhnYmhcLPjbYnE&lego_tid=4a20138b-9dd8-48fa-9b78-27f39e9adf7d&psid=2ce39e026b10c97906cee41063a01080,SUCCESS,1,19.12
2025-11-24T13:31:58.929696,https://hf.zu.anjuke.com/fangyuan/4327631619484677?isauction=2&shangquan_id=5012&legoFeeUrl=https://legoclick.58.com/jump?target=pZwY0ZnlsztdraOWUvYKuaYknWmQPHEzmid6rjnYsHE1mWcVrjbznadBnWbzuH0LP1bQmvEKnWmLnjmkP1Tvn1m3nj0KTHE1nW0vn1DvnHbYrjEvP10KPjTknTDYnjTkTHD_nHTKrjnLsj9YnTDQP1m1rHmQPHT1njc3THnzTNujsRKjsN72izLMGO4hBstVOlvUlmaFOmBgl2AClpAdTHDKnEDKsHDKTHDOrHTOrjDdrHT1rjDkP1mYrjTKP9DKnE76nAw6nycOPzYLPHmOsHwBn1NVrHNYuiY3uW9LnAmYmyw6mynKnHbOnjb3nHNOnjEOnjT1rjcLn9DQrHbkrH9QPHbkPjmkP19kPHEdTEDQsjDkTEDKTiYKTEDKTHcQPB31ra3QPWb8nH9vTHTKnTDKnikQnE7exEDQnjT1P9DQnjTQPWmdTHPbnj-BPvNzsHcLnHnVPjm1PiY3nW0QsyPBmHw-nhcOnWnYnEDKPTDKTHTKrjnLsj9YnakdnjDzTHDKUMR_UT7WPjmzPyEOnA76nh76PhN3&lego_tid=3d09b7e2-2713-4635-8271-cba4e2b92341&psid=2ce39e026b10c97906cee41063a01080,SUCCESS,1,19.12
2025-11-24T13:32:47.452241,https://hf.zu.anjuke.com/fangyuan/4316995992935428?isauction=2&shangquan_id=5012&legoFeeUrl=https://legoclick.58.com/jump?target=pZwY0ZnlsztdraOWUvYKuaYknWmQPHEzmid6rjnYsHE1mWcVrjbznadBnWbzuH0LP1bQmvEKrH0knjTdnWN3nWbvPj0KTHE1nHmOrHNOrHcOn1NYnW9KPHnknTDdn1TkTHD_nHTKrjnLsj9YnTDQP1m1rHmQPHT1njc3THnYTNujsRKjsN72izLMGO4hBstVOlvUlmaFOmBgl2AClpAdTHDKnEDKsHDKTHDOrHcLPWnzPHE3nHDLP1bkP1EKP9DKnED3uyFWujcznzYQPvcOsHwhrAEVmyR6riYzuWKBmhPBm101mhDKnHbOnW0vn1cdPjbzPHTznHD3PTDQrHbzP1m1nWNYrjbdPWmQnjNOTEDQsjDkTEDKTiYKTEDKTHcQPB31ra3QPWb8nH9vTHTKnTDKnikQn97exEDQnjT1P9DQnjTQPWmdTHDLnWbvnjEQsHwhuAnVPjcduBYOmHTzsHTkn19zPhcQP1R-nkDKPTDKTHTKrjnLsj9YnakdnjDzTHDKUMR_UTDQrHcznW--rywBnH0zrH66&lego_tid=17296041-4fdc-425f-9a02-003826b175e3&psid=2ce39e026b10c97906cee41063a01080,SUCCESS,1,19.11
2025-11-24T13:33:23.298296,https://hf.zu.anjuke.com/fangyuan/4255480320335880?isauction=2&shangquan_id=14107&legoFeeUrl=https://legoclick.58.com/jump?target=pZwY0ZnlsztdraOWUvYKuaYknWmQPHEzmid6rjnYsHE1mWcVrjbznadBnWbzuH0LP1bQmvEKnHTdPWnzP1N1rHbvnjbLTEDYnWNdPj9kn1ckn1ndrj9kTHmdnjTKPHbknTDQsjDkTH91Pzk3PjTKnH0vn1bvnHNkn1TzrTD1PE7AEzdEEzdKib_VOlXxOCB4sXXVhShTBXyc-SB6Jrh6VEDQTHDKTiYQTEDQrHbzrjT1Pj0QP1N1njmYPjEOTHmKTHDKn1DknHwWPWbVnvR-miYYuHK-sy7WnhDVrHu-Pj0OmHNLuAnLTHDOrHc3njnYP1D3PWcQnHm1PHcKnHbOnW9kn1ELnH91nWmvPWDQn9DKnikQnTDKTEDVTEDKTEDznHm8n198nHmOsWD3P9DkTHTKTHD_nHcKXLYKnHTkn1mKnHTknHmvPEDvmhu6mW6bnBYzmvEYsHEOnH9VrHF-mzdbnjEYnvD3njRbujmKTHEKTEDkTH91Pzk3PjT_nHEQnj0KnE78IyQ_THPWrH0zuAc3PWKhrjIhn1n&lego_tid=6bfab8d2-2cd4-4918-92ec-d0443a805dd6&psid=2ce39e026b10c97906cee41063a01080,SUCCESS,1,19.13
2025-11-24T13:34:32.453215,https://hf.zu.anjuke.com/fangyuan/4326644552212481?isauction=2&shangquan_id=14111&legoFeeUrl=https://legoclick.58.com/jump?target=pZwY0ZnlsztdraOWUvYKuaYknWmQPHEzmid6rjnYsHE1mWcVrjbznadBnWbzuH0LP1bQmvEKPWEdnWDYnWndrHNdrTDKPjnzPWmYPjNdnWcQnWE3nEDYP1TkTHELnjTKnikQnTD3n10_rjEkTHDLPWnOPWDdnjnknW9Kn19KwbnVNDnVENGssXXMMSpcfzLMoufG9cM-BFxCCpWGCUNKnEDQTEDVnEDKnHbOnjbdrjnOnjbzPWnOP1EYPEDvTEDQTH7BP1-6PjN1sHKhnyEVPju-PBY3rHFWsy7WmhDvnWcYrH-6nkDQrHbkrHN3n1bQnjcLnHNOnjEkTHDOrHTOPH91rHTOrH0LnjELnjEKTHD_nHTKTEDKsEDKTEDKnWDvsWn3sWDvri3QrjmKnTDkTEDQsjDzTgVqTHDknjnvTHDknjDvPWNKrARbPhwbmHNVuj9kmzYYuADQsycvrjbVuyEdn1P-uANkm1N3TEDYTEDKnTD3n10_rjEksjDYnHDQTHDKUMR_UTD1mynYP1T3n1DzPWubrjwh&lego_tid=8ed6dda5-d80c-4da1-b689-ed533ede0c58&psid=2ce39e026b10c97906cee41063a01080,SUCCESS,1,19.12
2025-11-24T13:35:20.674928,https://hf.zu.anjuke.com/fangyuan/4329784382103561?isauction=2&shangquan_id=14100&legoFeeUrl=https://legoclick.58.com/jump?target=pZwY0ZnlsztdraOWUvYKuaYknWmQPHEzmid6rjnYsHE1mWcVrjbznadBnWbzuH0LP1bQmvEKnHD1PHmvP1NLPHE1PjbvTEDYn1cOP19Yn19znHT1PHmQTHE3njTKPj9knTDQsjDkTH91Pzk3PjTKnH0vn1bvnHNkn1TzrTDYnT7AEzdEEzdKib_VOlXxOCB4sXXVhShTBXyc-SB6Jrh6VEDQTHDKTiYQTEDQrHbznWNkPWNQnHnQP1bLPHTYTHmKTHDKnH--uHPBn10VmWD1nBYYujRBsH-buycVPHNdmvF-rjEQmW7bTHDOrHczPHTvPHDzPjb1n1cznWEKnHbOnWcdnjmdnHczrjndPWmkrTDKnikQnTDKTEDVTEDKTEDznHm8n198nHmOsWD3P9DkTHTKTHD_nHDKXLYKnHTkn1mKnHTknHmvPE7BPHbQmWEYnidbPhFbsHEdPvnVmWNduBYduWF6uAPhrHNQmW9KTHEKTEDkTH91Pzk3PjT_nHEQnjTKnE78IyQ_Ty7BuhDdnj9YPhcvrjDLnhn&lego_tid=b591b441-d6bd-457c-b55f-5f2adcf951b8&psid=2ce39e026b10c97906cee41063a01080,SUCCESS,1,19.12
2025-11-24T13:35:52.212510,https://hf.zu.anjuke.com/fangyuan/4295335153495048?isauction=2&shangquan_id=14098&legoFeeUrl=https://legoclick.58.com/jump?target=pZwY0ZnlsztdraOWUvYKuaYknWmQPHEzmid6rjnYsHE1mWcVrjbznadBnWbzuH0LP1bQmvEKPH0zPWcYPHcYnjb3rjDKTHEzrHN1n1NQPHnYrHNkPj9KPHnknTDdn1TkTHD_nHTKrjnLsj9YnTDQP1m1rHmQPHT1njc3THEQTNujsRKjsN72izLMGO4hBstVOlvUlmaFOmBgl2AClpAdTHDKnEDKsHDKTHDOrHcLPHN1PW0OrH0LnWcvnWNKP9DKnE7BuHIbnyE1miY3PyEzsHw-m1DVrHcOniYLuyE1uHNknhnvP10KnHbOnW0dPHnvrjTOrjcLrHEzPTDQrHbzP1Ndn1m3njm3rHc1n1bzTEDQsjDkTEDKTiYKTEDKTHcQPB31ra3QPWb8nH9vTHTKnTDKnikQn97exEDQnjT1P9DQnjTQPWmdTH6-nWI-nWFBsyEQPHDVPjP-PadBmWnLsyN1ujndrHmLnWELnEDKPTDKTHTKrjnLsj9YnakQPjTOrTDQTyOdUAkKnyF6njEdnyEYP1wWujFbrE&lego_tid=8e27e22b-d151-43e4-bb37-e3d359672471&psid=2ce39e026b10c97906cee41063a01080,SUCCESS,1,19.11
2025-11-24T13:36:23.056861,https://hf.zu.anjuke.com/fangyuan/4303770649517071?isauction=2&shangquan_id=24964&legoFeeUrl=https://legoclick.58.com/jump?target=pZwY0ZnlsztdraOWUvYKuaYknWmQPHEzmid6rjnYsHE1mWcVrjbznadBnWbzuH0LP1bQmvEKPHn3rHcQnHb1PH0YPHNKTHE1njnLP1TvPjbdnH0kP1DKPjNknTDYPHTkTHD_nHTKrjnLsj9YnTDQP1m1rHmQPHT1njc3THEzTNujsRKjsN72izLMGO4hBstVOlvUlmaFOmBgl2AClpAdTHDKnEDKsHDKTHDOrHc3nHE1nWnkrj9dnHTOP19KP9DKnE7WPHmYPHFBuBYLn1IWsHEzn1DVmW-bPBdhPARbuW91PycQuHTKnHbOnW9QPjnzn1DOn1nLnWmLn9DQrHbzrjDYn1c1nHmYnjTknWN3TEDQsjDkTEDKTiYKTEDKTHcQPB31ra3QPWb8nH9vTHTKnTDKnikQnE7exEDQnjT1P9DQnjTQPWmdTyRhPjc1m1bQsHDLnHEVPAFWridBm17-syD1mWu6mHb3PWRBu9DKPTDKTHTKrjnLsj9YnakzPjbvPTDQTyOdUAkKrymOrHI-P1Fbuj-buW6hnk&lego_tid=ef423c91-1714-4bc9-bc1e-a3b6aa9865bf&psid=2ce39e026b10c97906cee41063a01080,SUCCESS,1,19.12
2025-11-24T13:36:53.858260,https://hf.zu.anjuke.com/fangyuan/4329134054005763?isauction=2&shangquan_id=5008&legoFeeUrl=https://legoclick.58.com/jump?target=pZwY0ZnlsztdraOWUvYKuaYknWmQPHEzmid6rjnYsHE1mWcVrjbznadBnWbzuH0LP1bQmvEKnHDzrHDQrj0OnjNQn1nLTEDYn1cOnHnYnjNYnjTdP1m1THnknjTKn1TknTDQsjDkTH91Pzk3PjTKnH0vn1bvnHNkn1TzrTDYnk7AEzdEEzdKib_VOlXxOCB4sXXVhShTBXyc-SB6Jrh6VEDQTHDKTiYQTEDQrHbzPjD3nW01PWb1PHE3PHEYTHmKTHDKPHKbmhmQrH9VnhmYuaYYrjRWsy7BuHmVPAmYPjcvmH--PvnkTHDOrHcYnH9zP1n3njmOnjDzPHDKnHbOnWEQrjcLn10LP1NznjmYnEDKnikQnTDKTEDVTEDKTEDznHm8n198nHmOsWD3P9DkTHTKTHD_nHDKXLYKnHTkn1mKnHTknHmvPE7hrH0YuW9LPaYduH9dsHEYnjTVrANzuBYYPWDzn1P6mhnYmWEKTHEKTEDkTH91Pzk3PjT_PHTkrTDQTyOdUAkKPHRWnHNvn1NvujE1PyDvnE&lego_tid=f974f874-5e85-4400-8e2f-461233abc4b4&psid=2ce39e026b10c97906cee41063a01080,SUCCESS,1,19.12
2025-11-24T13:37:25.187565,https://hf.zu.anjuke.com/fangyuan/4309180377029644?isauction=2&shangquan_id=14111&legoFeeUrl=https://legoclick.58.com/jump?target=pZwY0ZnlsztdraOWUvYKuaYknWmQPHEzmid6rjnYsHE1mWcVrjbznadBnWbzuH0LP1bQmvEKrHnLP1DQP1ELnHnQnjNKTHE1njbQrjT1P10knWbvPjEKPj0knTDYP1TkTHD_nHTKrjnLsj9YnTDQP1m1rHmQPHT1njcOTHEYTNujsRKjsN72izLMGO4hBstVOlvUlmaFOmBgl2AClpAdTHDKnEDKsHDKTHDOrHD1P19LPWb3rjNQnHTzP1nKP9DKnEDLn1mOnh7hnzYQmhR-sHE1nWmVrHD3PiYknHEQrH9zPHnYrH9KnHbOnHnLrj0vrHb3PH03PH9drEDQrHbQn103P1mOrHNvn1nQPHckTEDQsjDkTEDKTiYKTEDKTHcQPB31ra3QPWb8nH9vTHTKnTDKnikQn97exEDQnjT1P9DQnjTQPWmdTyNznHKbmvP6syFWmhmVPjNOridBmyFWsynkPWmzmHN3nAcYm9DKPTDKTHTKrjnLsj9YnakQPjDQnEDQTyOdUAkKuHK6rARBPvDOuADYuhcznk&lego_tid=e210dcca-bcbf-4599-babc-c0662a580b4b&psid=2ce39e026b10c97906cee41063a01080,SUCCESS,1,19.13
2025-11-24T13:37:56.128048,https://hf.zu.anjuke.com/fangyuan/4233325574810624?isauction=2&shangquan_id=14107&legoFeeUrl=https://legoclick.58.com/jump?target=pZwY0ZnlsztdraOWUvYKuaYknWmQPHEzmid6rjnYsHE1mWcVrjbznadBnWbzuH0LP1bQmvEKnWmdrjEznjTLnjmkPHNKTHEzn1n1nWNdP1E3nHTvnWEKPWNknTDvPHTkTHD_nHTKrjnLsj9YnTDQP1m1rHmQPHT1njcOTHEdTNujsRKjsN72izLMGO4hBstVOlvUlmaFOmBgl2AClpAdTHDKnEDKsHDKTHDOPW0krjbQrHNkrj9YPH0LnWbKP9DKnE7bPj6WmvnkuidBm1mQsHEYPHDVmyDvnBYvnHE3rynkm1cLnHNKnHbvP1T3rHDOPW9zrHDkPWDLP9DQrHmLnj9OnHbvrjT3njc3nHmkTEDQsjDkTEDKTiYKTEDKTHcQPB31ra3QPWb8nH9vTHTKnTDKnikQn97exEDQnjT1P9DQnjTQPWmdTymkrj93m1mOsyEYrHbVPj6bnzd6uj9ksHI-n1E1rjTduWc1PEDKPTDKTHTKrjnLsj9YnakQPjDkPkDQTyOdUAkKPvuWmvNvmH6bPWNvPW9Yu9&lego_tid=f0888c69-d499-48d3-ad80-7e343805f235&psid=2ce39e026b10c97906cee41063a01080,SUCCESS,1,19.13
2025-11-24T13:38:35.242419,https://hf.zu.anjuke.com/fangyuan/4309202829421579?isauction=2&shangquan_id=14107&legoFeeUrl=https://legoclick.58.com/jump?target=pZwY0ZnlsztdraOWUvYKuaYknWmQPHEzmid6rjnYsHE1mWcVrjbznadBnWbzuH0LP1bQmvEKnHTvnWcOnjNYPHnQn1bdTEDYn1TOnWTzrjcOPjcQPH0OTHEdnjTKPjNknTDQsjDkTH91Pzk3PjTKnH0vn1bvnHNkn1TzrEDYP97AEzdEEzdKib_VOlXxOCB4sXXVhShTBXyc-SB6Jrh6VEDQTHDKTiYQTEDQrHbzP1mLrHDkPWb3rjc1PW9QTHmKTHDKPyuBnWRBuWnVnH-BnaYYnWc3syDQuhDVnvcOuAR-PWNQP1NdTHDOrHcLPW0OnHT3nHmzPW9zrHTKnHbOnW0vP1bQnj0OnHTOrjnvrTDKnikQnTDKTEDVTEDKTEDznHm8n198nHmOsWD3P9DkTHTKTHD_nHDKXLYKnHTkn1mKnHTknHmvPEDOuAnkmHbkPid-PhnksHEkuhnVrAwhnaYLuWwhPhPBP1mkrHnKTHEKTEDkTH91Pzk3PjT_nHEQnj0KnE78IyQ_Tyu6rHKbuWKhPhcYPHF-uWc&lego_tid=9dc0a905-e6c0-40fc-8df0-7f4f6cb76093&psid=2ce39e026b10c97906cee41063a01080,SUCCESS,1,19.12
2025-11-24T13:39:26.865521,https://hf.zu.anjuke.com/fangyuan/4227696655657988?isauction=2&shangquan_id=32240&legoFeeUrl=https://legoclick.58.com/jump?target=pZwY0ZnlsztdraOWUvYKuaYknWmQPHEzmid6rjnYsHE1mWcVrjbznadBnWbzuH0LP1bQmvEKrH9LrHDYP1ndn1EOrHDKTHEznW0vrHmvPHNvPH0Orj9KPj0knTDYP1TkTHD_nHTKrjnLsj9YnTDQP1m1rHmQPHT1njcOTHE3TNujsRKjsN72izLMGO4hBstVOlvUlmaFOmBgl2AClpAdTHDKnEDKsHDKTHDOrHcdrHEOnjNvrHbOrHDdPHcKP9DKnE7bmHEQuhubPadWnWmdsHEYnhcVrjDvmiYLrjn3rAFBrAnvmHnKnHbOnWNOPjbkPH9kPjb1PHDvrEDQrHbzPHbYrHTdP10OP10LPHnvTEDQsjDkTEDKTiYKTEDKTHcQPB31ra3QPWb8nH9vTHTKnTDKnikQn97exEDQnjT1P9DQnjTQPWmdTymYnyP6nv7bsHDkuhmVPAwBmidBnhn3sHnOuH-WnyEzujm3PEDKPTDKTHTKrjnLsj9Ynak1nWcYnTDQTyOdUAkKm1P-n1NvrjP-rA7hryu6PT&lego_tid=f41ca3ad-10ff-4dba-b2c8-39e9c1d2d685&psid=2ce39e026b10c97906cee41063a01080,SUCCESS,1,19.11
2025-11-24T13:40:14.605416,https://hf.zu.anjuke.com/fangyuan/4305401307339788?isauction=2&shangquan_id=14100&legoFeeUrl=https://legoclick.58.com/jump?target=pZwY0ZnlsztdraOWUvYKuaYknWmQPHEzmid6rjnYsHE1mWcVrjbznadBnWbzuH0LP1bQmvEKnHTYP1DOPHDzP1nLn1EdTEDYn1TdPjTQn1TLn1nOP193THNznjTKPHcknTDQsjDkTH91Pzk3PjTKnH0vn1bvnHNkn1TzrEDdnT7AEzdEEzdKib_VOlXxOCB4sXXVhShTBXyc-SB6Jrh6VEDQTHDKTiYQTEDQrHbzP1mYn1nLrjDYPWTdrjcYTHmKTHDKujT3uy7bnH0VP10duiYYmvnvsyDOmvNVPHTQnycLPH9LujmYTHDOrHcLPWE1n10On1mzPWDQnWTKnHbOnW0vPjn1P1bQnjbOnW9OP9DKnikQnTDKTEDVTEDKTEDznHm8n198nHmOsWD3P9DkTHTKTHD_nHDKXLYKnHTkn1mKnHTknHmvPE76uWnznWE1nBY3PAEOsHEzPHNVmHRWPadBnWF6nWTkPjuWmvDKTHEKTEDkTH91Pzk3PjT_nHEQnjTKnE78IyQ_THFBn1mknhuhP1c3PvD3njN&lego_tid=af322432-84d9-4255-a5c4-b22a20046cca&psid=2ce39e026b10c97906cee41063a01080,SUCCESS,1,19.13
2025-11-24T13:41:04.543031,https://hf.zu.anjuke.com/fangyuan/4330891638284301?isauction=2&shangquan_id=32241&legoFeeUrl=https://legoclick.58.com/jump?target=pZwY0ZnlsztdraOWUvYKuaYknWmQPHEzmid6rjnYsHE1mWcVrjbznadBnWbzuH0LP1bQmvEKP1Dkn1bLPjNznHNLPHcKTHE1n1T3rHDvn19zrjE1njDKPWTknTDvnjTkTHD_nHTKrjnLsj9YnTDQP1m1rHmQPHT1njcOTHNzTNujsRKjsN72izLMGO4hBstVOlvUlmaFOmBgl2AClpAdTHDKnEDKsHDKTHDOrHcQPjb1rH9OnWDOPWDYP1EKP9DKnE7BnH6hujIWuBYkPWbvsHELPHEVmHD1Padbmvn1mWuhPHmQPj0KnHbOnWDYrHnOrHTzPW9QPjbLP9DQrHbznHEOn1bOnjTQPWEkrHmkTEDQsjDkTEDKTiYKTEDKTHcQPB31ra3QPWb8nH9vTHTKnTDKnikQnE7exEDQnjT1P9DQnjTQPWmdTHc3uWK6m17hsyF6nWmVPADduBdBn1ubsHE3mWcLmhRhnHIBu9DKPTDKTHTKrjnLsj9Ynak1nWcYnEDQTyOdUAkKnHEvnhFhm1FBuhmznhu6rT&lego_tid=28f0ac1f-ba26-4a5f-b36d-48b27bef17bf&psid=2ce39e026b10c97906cee41063a01080,SUCCESS,1,19.11
2025-11-24T13:41:35.649092,https://hf.zu.anjuke.com/fangyuan/4327807705635842?isauction=2&shangquan_id=32241&legoFeeUrl=https://legoclick.58.com/jump?target=pZwY0ZnlsztdraOWUvYKuaYknWmQPHEzmid6rjnYsHE1mWcVrjbznadBnWbzuH0LP1bQmvEKrHbkrHbLPj0OPWcQnW9KTHE1nW03nj0LnjNvn1N3PjcKP1DknTDLnHTkTHD_nHTKrjnLsj9YnTDQP1m1rHmQPHT1njcOTHN1TNujsRKjsN72izLMGO4hBstVOlvUlmaFOmBgl2AClpAdTHDKnEDKsHDKTHDOrHc3nj9YPjEYrH9OnHN1nW9KP9DKnEDdPjF6ryDQniYzmWF6sHw-mW9VrAF-raYduH9zuhE1rj-6m1nKnHbOnW9krjEYPjmkP19LP1DznTDQrHbzrjT3PjEYPH9zP1T1nHTYTEDQsjDkTEDKTiYKTEDKTHcQPB31ra3QPWb8nH9vTHTKnTDKnikQn97exEDQnjT1P9DQnjTQPWmdTycLmvNkmymksymduWTVPjwbnzd6nH7WsHFWmyD1nvmOuAF-PEDKPTDKTHTKrjnLsj9Ynak1nWcYnEDQTyOdUAkKP1whrH9duhcQrjDduWu6uE&lego_tid=b7ce0af0-f5f0-44d3-a11c-2caa33f9dbe5&psid=2ce39e026b10c97906cee41063a01080,SUCCESS,1,19.11
2025-11-24T13:42:33.627555,https://hf.zu.anjuke.com/fangyuan/4331885473651726?isauction=2&shangquan_id=14098&legoFeeUrl=https://legoclick.58.com/jump?target=pZwY0ZnlsztdraOWUvYKuaYknWmQPHEzmid6rjnYsHE1mWcVrjbznadBnWbzuH0LP1bQmvEKrHbkrHbLPj0OPWcQnW9KTHE1n1D3rjNYP1nvPHDLnWmKPHnknTDdn1TkTHD_nHTKrjnLsj9YnTDQP1m1rHmQPHT1njcOTHNdTNujsRKjsN72izLMGO4hBstVOlvUlmaFOmBgl2AClpAdTHDKnEDKsHDKTHDOrHc3nj9YPjEYrHEvn1TOnHcKP9DKnEDknj0LPHczmiYknyw6sHEzuyEVrAEYradhm1mvnAF6rHPhuWTKnHbOnW9krjEYPjmkP1bLrHNznTDQrHbzrjT3PjEYPH03PWDdnWbvTEDQsjDkTEDKTiYKTEDKTHcQPB31ra3QPWb8nH9vTHTKnTDKnikQn97exEDQnjT1P9DQnjTQPWmdTynkPhm1rA7WsyEQPhmVPAwbniY3uhE3syNOuHTkuyEYnvP-PEDKPTDKTHTKrjnLsj9YnakQPjTOrTDQTyOdUAkKnAcYujPbmWP6n1m1uHnOmE&lego_tid=c06f38ac-d16f-4dd1-8fd8-e9e00ed43ce5&psid=2ce39e026b10c97906cee41063a01080,SUCCESS,1,19.13
2025-11-24T13:43:43.148847,https://hf.zu.anjuke.com/fangyuan/4205415085431815?isauction=2&shangquan_id=14097&legoFeeUrl=https://legoclick.58.com/jump?target=pZwY0ZnlsztdraOWUvYKuaYknWmQPHEzmid6rjnYsHE1mWcVrjbznadBnWbzuH0LP1bQmvEKPjE3rHELPWDLPWmvP19KTHEznjNYnHNkrjNYn1D3nHNKPjNknTDYPHTkTHD_nHTKrjnLsj9YnTDQP1m1rHmQPHT1njcOTHN3TNujsRKjsN72izLMGO4hBstVOlvUlmaFOmBgl2AClpAdTHDKnEDKsHDKTHDOrHTOP1EQP1E1nH9OPjEzPHmKP9DKnED3nvDYmW7bPBYQPhnzsHEQryNVmH6buidBnyPbPH9dPANdnj9KnHbOnjbLPjDLPjEzP19OP19dP9DQrHbkrH0YnH0Yn1b3PWDdPHNzTEDQsjDkTEDKTiYKTEDKTHcQPB31ra3QPWb8nH9vTHTKnTDKnikQn97exEDQnjT1P9DQnjTQPWmdTycOuAPbPhNQsH7BPHEVPAmvnadBPhNQsHbYPWuWnHmLPWwBu9DKPTDKTHTKrjnLsj9YnakQPjTOPkDQTyOdUAkKPHwhnHcznj-hmvNYPWEkPE&lego_tid=b9dcd6e1-1b54-4f60-b6e1-9466c16764bf&psid=2ce39e026b10c97906cee41063a01080,SUCCESS,1,19.12
2025-11-24T13:44:16.725056,https://hf.zu.anjuke.com/fangyuan/4331952773639181?isauction=2&shangquan_id=32241&legoFeeUrl=https://legoclick.58.com/jump?target=pZwY0ZnlsztdraOWUvYKuaYknWmQPHEzmid6rjnYsHE1mWcVrjbznadBnWbzuH0LP1bQmvEKnHDYnWNznHEkn19zP1bQTEDYn1nQrHNzP101PWnOnH9QTH0QnjTKP1DknTDQsjDkTH91Pzk3PjTKnH0vn1bvnHNkn1TzrEDdrE7AEzdEEzdKib_VOlXxOCB4sXXVhShTBXyc-SB6Jrh6VEDQTHDKTiYQTEDQrHbzPjNYP1m1nWbOPH9QrHNzTHmKTHDKnynQnhNzn10VmH7BraYYuhEvsH--nH9VuW7-uhDLmyEzmH6BTHDOrHcYPHELPWn1rHmkPjm3Pj9KnHbOnWEdPj0vn1nLrHDLrHNznTDKnikQnTDKTEDVTEDKTEDznHm8n198nHmOsWD3P9DkTHTKTHD_nHcKXLYKnHTkn1mKnHTknHmvPE7hPj76mhNdPBd6uj-bsHwWmHNVrAEzuaYzuW0OPW0knWNQryEKTHEKTEDkTH91Pzk3PjT_n1czPjDKnE78IyQ_Tyw-nvwhmWNLPjD3PAuhnWN&lego_tid=f41abe56-ad9d-4ca5-8d2d-2f796702519d&psid=2ce39e026b10c97906cee41063a01080,SUCCESS,1,19.11
2025-11-24T13:45:10.818637,https://hf.zu.anjuke.com/fangyuan/shushanqu/p2/,SUCCESS,1,19.12
2025-11-24T13:45:41.219839,https://hf.zu.anjuke.com/fangyuan/4301037977021443?isauction=2&shangquan_id=32241&legoFeeUrl=https://legoclick.58.com/jump?target=pZwY0ZnlsztdraOWUvYKuad-PA76nW0YuiYYmWTYsHwhrjNVryN1PBdhPvmdPH66mhEvn1NKPjmknHbznWbdnWNknHNKTHE1njDkn10OP10knWDYPjnKP1DknTDLnHTkTHD_nHTKrjnLsj9YnTDQP1m1rHm1nHTYPWE3THDKwbnVNDnVENGssXXMMSpcfzLMoufG9cM-BFxCCpWGCUNKnEDzTEDVnEDKnHb3PHbQn1NLnHcvnWbLPWTknEDvTEDQTyF-uhuhuW6hsHubmhNVPAmkniY3PAF-sH7BnhD3n1DYPjcQuTDQrH9drHD1PH0Qn10vnHDdP1DzTHDOrjNOnHndP1D1PHTOPjb3rj9KTHD_nHTKTEDKsEDKTEDOwbnLwDwaEiYYEHmYsN7KrjDVnWIKnzY3EY7aENDdPYm1wjmKnWDvsWn3sWDvri3QrjmKnTDkTEDQsjDzTgVqTHDknjnvTHDknjDvPWNKujwbnH9QujcVujDkmiYYmW6BsH6-mHnVPjnOryEQPWNLPhEvTEDYTEDKnTD3n10_rjEksjnznWEQTHDKUMR_UT76rANQrAEkrAnOPhEQnj9L&lego_tid=d4d181d2-d10a-4b8b-8ea3-4399d16576d6&psid=22b69ca3e5a89a0dfe6fa09292c28eb9,SUCCESS,1,19.11
2025-11-24T13:46:12.968955,https://hf.zu.anjuke.com/fangyuan/4314826490784768?isauction=2&shangquan_id=14090&legoFeeUrl=https://legoclick.58.com/jump?target=pZwY0ZnlsztdraOWUvYKuad-PA76nW0YuiYYmWTYsHwhrjNVryN1PBdhPvmdPH66mhEvn1NKnHTQnjmLn1TQrjELrj0dTEDYn1DYrjcvPjbkP19YP1m3THEknjTKPjTknTDQsjDkTH91Pzk3PjTKnH0vn1bvn1DkPjmYrTDzTNujsRKjsN72izLMGO4hBstVOlvUlmaFOmBgl2AClpAdTHDKn9DKsHDKTHDOrHc3nWDzP1ndPWDOPj9QPWDKP9DKnEDOuHRhujbvPaYzuHb1sHEdPvcVmh76riYvrjckuyNYmWmkPyNKnHbOnW9znHcLn1mLnjbOnH9Ln9DQrHbzrjcQnW01PWEQP1cdrHNzTEDQsjDkTEDKTiYKTEDKrNujPYwDEbDVPDDvPadKEH9QsHcLEHnVrDPKEb7KPHIAnYEvTHcQPB31ra3QPWb8nH9vTHTKnTDKnikQnE7exEDQnjT1P9DQnjTQPWmdTHTQujb1PyFhsynOn1DVPAm3mid6PW7-sym1uyFbmyFhrjNQuEDKPTDKTHTKrjnLsj9YnakQPjTOnTDQTyOdUAkKnAnvP19Luhcdrj93PAmvn9&lego_tid=01d935bf-c931-4f8a-a61e-f3ebdabf851e&psid=22b69ca3e5a89a0dfe6fa09292c28eb9,SUCCESS,1,19.12
2025-11-24T13:46:43.612669,https://hf.zu.anjuke.com/fangyuan/4275122067759112?isauction=2&shangquan_id=14107&legoFeeUrl=https://legoclick.58.com/jump?target=pZwY0ZnlsztdraOWUvYKuad-PA76nW0YuiYYmWTYsHwhrjNVryN1PBdhPvmdPH66mhEvn1NKP1NzPWcdn1c3rjbQnWnKTHEzP1NQnWckPW0LPHbQnHcKPHcknTDdnWTkTHD_nHTKrjnLsj9YnTDQP1m1rHm1nHTYPWE3THnKwbnVNDnVENGssXXMMSpcfzLMoufG9cM-BFxCCpWGCUNKnEDzTEDVnEDKnHbOnWTYnj9kP1mvrHbLnWbOn9DvTEDQTH0vn1NQPHmQsHRbrH0VPjm3mid6uyPBsHPBujmLPvF6rjnLrTDQrHbznjEkrjTLP10OnHDOnHTvTHDOrHckPjT3nj0LPH9kPWDdPW9KTHD_nHTKTEDKsEDKTEDOwbnLwDwaEiYYEHmYsN7KrjDVnWIKnzY3EY7aENDdPYm1wjmKnWDvsWn3sWDvri3QrjmKnTDkTEDQsjDQTgVqTHDknjnvTHDknjDvPWNKmhPBrjT1PyNVuH-huBYYm1PhsycYm1TVPHcvuyPWPyc1n10YTEDYTEDKnTD3n10_rjEksjDYnHTLTHDKUMR_UT7-ujR-rj0OuhEknhPbuWKh&lego_tid=bcb8035e-e9ff-4c3f-b4c0-526ecc5b3374&psid=22b69ca3e5a89a0dfe6fa09292c28eb9,SUCCESS,1,19.12
2025-11-24T13:47:56.096348,https://hf.zu.anjuke.com/fangyuan/4279685312339983?isauction=2&shangquan_id=32240&legoFeeUrl=https://legoclick.58.com/jump?target=pZwY0ZnlsztdraOWUvYKuad-PA76nW0YuiYYmWTYsHwhrjNVryN1PBdhPvmdPH66mhEvn1NKn103nHcLPWNOrHNLrH9KTHEzP1bvrjN1nHc1n1bOrjnKPj0knTDYP1TkTHD_nHTKrjnLsj9YnTDQP1m1rHm1nHTYPWE3THmKwbnVNDnVENGssXXMMSpcfzLMoufG9cM-BFxCCpWGCUNKnEDzTEDVnEDKnHbOnHnQn1cQrHNdn1D3rH9OnEDvTEDQTHmkn1EduW6-syFBnvNVPjmQPiYOuhnLsHbQmycznjn1mH-BmkDQrHbQn1D1nWDOPWEOPWEzPjbLTHDOrHD1nHnznHbvnWEYP1mvP1nKTHD_nHTKTEDKsEDKTEDOwbnLwDwaEiYYEHmYsN7KrjDVnWIKnzY3EY7aENDdPYm1wjmKnWDvsWn3sWDvri3QrjmKnTDkTEDQsjDzTgVqTHDknjnvTHDknjDvPWNKuAwhryubmvEVnW6hmzYYujmOsycLP1DVnWmdrH9YPWn1Ph7WTEDYTEDKnTD3n10_rjEksjnznWEkTHDKUMR_UT7-nW9QP1D1uWwhrj0kmyPW&lego_tid=ddf9fdcd-28fc-4d69-b771-2659846336ac&psid=22b69ca3e5a89a0dfe6fa09292c28eb9,SUCCESS,1,19.12
2025-11-24T13:49:04.716335,https://hf.zu.anjuke.com/fangyuan/4305000234003465?isauction=2&shangquan_id=14108&legoFeeUrl=https://legoclick.58.com/jump?target=pZwY0ZnlsztdraOWUvYKuad-PA76nW0YuiYYmWTYsHwhrjNVryN1PBdhPvmdPH66mhEvn1NKP1cLPjmQPjnLPjm3nWNKTHE1njNknjTzn1EknjnYPWNKPjTknTDYnjTkTHD_nHTKrjnLsj9YnTDQP1m1rHm1nHTYPWEOTHbKwbnVNDnVENGssXXMMSpcfzLMoufG9cM-BFxCCpWGCUNKnEDzTEDVnEDKnHbOnjbvnjEkPW03rjmLP1m1nkDvTEDQTHn3nADzPyFbsHR-nhnVPAEznBdBrywhsHcYPWu-njnLnvF-P9DQrHbkrHmkPjTvrj9OnWEvP1ckTHDOrHTOPWTYnjm3PHbOrjT3njTKTHD_nHTKTEDKsEDKTEDOwbnLwDwaEiYYEHmYsN7KrjDVnWIKnzY3EY7aENDdPYm1wjmKnWDvsWn3sWDvri3QrjmKnTDkTEDQsjDzTgVqTHDknjnvTHDknjDvPWNKPH93nvDQuWDVuWKhnBYYPjD3sy7huAcVPAFWnWcvmhNLPyDYTEDYTEDKnTD3n10_rjEksjDYnHT3THDKUMR_UTDYnvnYrj-hmymkmHIbnvFb&lego_tid=5883a1f1-f0f2-4418-afdb-4bc226be75a4&psid=22b69ca3e5a89a0dfe6fa09292c28eb9,SUCCESS,1,19.12
2025-11-24T13:49:55.271935,https://hf.zu.anjuke.com/fangyuan/4306320611187717?isauction=2&shangquan_id=5012&legoFeeUrl=https://legoclick.58.com/jump?target=pZwY0ZnlsztdraOWUvYKuad-PA76nW0YuiYYmWTYsHwhrjNVryN1PBdhPvmdPH66mhEvn1NKnHDkn1mvPWNOrHDLPWndTEDYn1Tvn1ckPWDQnH9LP1DLTHN1njTKPHnknTDQsjDkTH91Pzk3PjTKnH0vn1bvn1DkPjmYrEDQnE7AEzdEEzdKib_VOlXxOCB4sXXVhShTBXyc-SB6Jrh6VEDQTHcKTiYQTEDQrHbQnjc1n1mznWNQPHn3PjnYTHmKTHDKnym1PhD1PhnVmvEOnBYYPW0vsycdujDVm1bkmHIhmHDLnjTvTHDOrHDknWn1PWc1PHcQrH0vn1mKnHbOnHTzn1nvnWnzPWb1n1NkPTDKnikQnTDKTEDVTEDKTH-AE1IDwDFKsHwKPWEVEND3niYzPYD1sH6jENFKEHNLwWPDP9DznHm8n198nHmOsWD3P9DkTHTKTHD_nHcKXLYKnHTkn1mKnHTknHmvPED3nHIWujD3uBYvPvmLsHEzPjEVmW9zradWPHTzPhRbnWIbmynKTHEKTEDkTH91Pzk3PjT_PHTQn9DQTyOdUAkKPyDQuhw-mhm3nHckujKWrT&lego_tid=817cd18f-67f7-4244-b828-c5026ed27dac&psid=22b69ca3e5a89a0dfe6fa09292c28eb9,SUCCESS,1,19.11
2025-11-24T13:51:02.194157,https://hf.zu.anjuke.com/fangyuan/4243310609768453?isauction=2&shangquan_id=14099&legoFeeUrl=https://legoclick.58.com/jump?target=pZwY0ZnlsztdraOWUvYKuad-PA76nW0YuiYYmWTYsHwhrjNVryN1PBdhPvmdPH66mhEvn1NKPWcdn19OPHDYPHmdn1TKTHEzPjn1nHTvnjbLPW9YPHnKPWTknTDvnjTkTHD_nHTKrjnLsj9YnTDQP1m1rHm1nHTYPWEOTHDYTNujsRKjsN72izLMGO4hBstVOlvUlmaFOmBgl2AClpAdTHDKn9DKsHDKTHDOrHcYnjEkrHTzrjDzrjndrjNKP9DKnE7bPWnzmyFWraYOPWmLsHEdPHTVmynOPid6PWNLuWNYPWE1uWnKnHbOnWEkPjTOnjn3PWczn1DkPEDQrHbzPjTYnjbkn1NvP10zrjmYTEDQsjDkTEDKTiYKTEDKrNujPYwDEbDVPDDvPadKEH9QsHcLEHnVrDPKEb7KPHIAnYEvTHcQPB31ra3QPWb8nH9vTHTKnTDKnikQnE7exEDQnjT1P9DQnjTQPWmdTyuBrycvnHmOsHP6rHmVPjbdnBd6uHw6sH9kPHuBnvcznjNkPTDKPTDKTHTKrjnLsj9YnakQPjTOrEDQTyOdUAkKP1Nzn1N3n1DOn1TLP1u-rT&lego_tid=fb9b6169-3a96-4952-ae4a-8056b3b20504&psid=22b69ca3e5a89a0dfe6fa09292c28eb9,SUCCESS,1,19.12
2025-11-24T13:52:11.424768,https://hf.zu.anjuke.com/fangyuan/4312324148227085?isauction=2&shangquan_id=5012&legoFeeUrl=https://legoclick.58.com/jump?target=pZwY0ZnlsztdraOWUvYKuad-PA76nW0YuiYYmWTYsHwhrjNVryN1PBdhPvmdPH66mhEvn1NKrjmYnWmvnHcvrHnzPH0KTHE1nHc1nWEQPj9znW0krjNKPHnknTDdn1TkTHD_nHTKrjnLsj9YnTDQP1m1rHm1nHTYPWEOTHDLTNujsRKjsN72izLMGO4hBstVOlvUlmaFOmBgl2AClpAdTHDKn9DKsHDKTHDOrHcLPWEQPWTQnWcOnWbQPHnKP9DKnE7huH9dPj7bPiYzuAEdsHEYPAnVmhEQmBYQuAu-mHT1mHb3uj9KnHbOnW0vPjDvnjc1nHb3rHcYrTDQrHbzP1mYnHmknWTzPWDvrjnYTEDQsjDkTEDKTiYKTEDKrNujPYwDEbDVPDDvPadKEH9QsHcLEHnVrDPKEb7KPHIAnYEvTHcQPB31ra3QPWb8nH9vTHTKnTDKnikQn97exEDQnjT1P9DQnjTQPWmdTyPWnAEOmWcdsyR6PhDVPjNOniYOmvNLsyczPAEOrjw-PAu-nkDKPTDKTHTKrjnLsj9YnakdnjDzTHDKUMR_UTDzmHNOnvmznWuWmWT1mvm3&lego_tid=cc0d9b25-ea6a-4591-9ce7-b24d984e4fe3&psid=22b69ca3e5a89a0dfe6fa09292c28eb9,SUCCESS,1,19.13
2025-11-24T13:53:46.348761,https://hf.zu.anjuke.com/fangyuan/4329606158704646?isauction=2&shangquan_id=32240&legoFeeUrl=https://legoclick.58.com/jump?target=pZwY0ZnlsztdraOWUvYKuad-PA76nW0YuiYYmWTYsHwhrjNVryN1PBdhPvmdPH66mhEvn1NKnHDdn19OPj0QrHTznW9QTEDYn1cOPWTvnHN3P1TYPWEvTHELnjTKPj0knTDQsjDkTH91Pzk3PjTKnH0vn1bvn1DkPjmYrEDznE7AEzdEEzdKib_VOlXxOCB4sXXVhShTBXyc-SB6Jrh6VEDQTHcKTiYQTEDQrHbzP1N3njbvnjNzPWcOPHTdTHmKTHDKrAEknvNvrynVPHcdnaYYuy7bsyc1nANVuHnYrjRBPhuBP1NkTHDOrHcLPH9krHmQPWDvrjbvnjTKnHbOnW0drjTOPWD1nWEQPHE3rTDKnikQnTDKTEDVTEDKTH-AE1IDwDFKsHwKPWEVEND3niYzPYD1sH6jENFKEHNLwWPDP9DznHm8n198nHmOsWD3P9DkTHTKTHD_nHcKXLYKnHTkn1mKnHTknHmvPEDOmhmQnjTzuiYzuyc3sHEduj0VmWN3naY3nvm1nAPWPAP-nAmKTHEKTEDkTH91Pzk3PjT_n1czPjTKnE78IyQ_TyEkuAnQuHNknHcYnyEkPHE&lego_tid=9bf1002e-2eb8-45d7-b580-83f30cc4ce0f&psid=22b69ca3e5a89a0dfe6fa09292c28eb9,SUCCESS,1,19.12
2025-11-24T13:54:24.795300,https://hf.zu.anjuke.com/fangyuan/4324735790160897?isauction=2&shangquan_id=32241&legoFeeUrl=https://legoclick.58.com/jump?target=pZwY0ZnlsztdraOWUvYKuad-PA76nW0YuiYYmWTYsHwhrjNVryN1PBdhPvmdPH66mhEvn1NKPW9zPW03n1EQnjDzPW9KTHE1nWELn1NLrHTQPWT3rH0KP1DknTDLnHTkTHD_nHTKrjnLsj9YnTDQP1m1rHm1nHTYPWEOTHczTNujsRKjsN72izLMGO4hBstVOlvUlmaFOmBgl2AClpAdTHDKn9DKsHDKTHDOrHcYnHnOn10vnWmzPWndPHcKP9DKnEDkuynQmW-6PBYvPjRBsHEzuANVrHnzuBYdnHuWnHEYPjRBmvEKnHbOnWEQn1b1P101PHEQP19dPkDQrHbzPjD1rHnLP1DknWELrHn3TEDQsjDkTEDKTiYKTEDKrNujPYwDEbDVPDDvPadKEH9QsHcLEHnVrDPKEb7KPHIAnYEvTHcQPB31ra3QPWb8nH9vTHTKnTDKnikQn97exEDQnjT1P9DQnjTQPWmdTHTdnvNkuhnLsHRbmvDVPAFBnBY3PW9LsymQmWR-m1NzmhN3P9DKPTDKTHTKrjnLsj9Ynak1nWcYnEDQTyOdUAkKuHwhn1PWPyF-mHDzPWPhn9&lego_tid=053e0fc7-5dca-4bb2-8687-f1b5ec52be86&psid=22b69ca3e5a89a0dfe6fa09292c28eb9,SUCCESS,1,19.12
2025-11-24T13:55:24.858359,https://hf.zu.anjuke.com/fangyuan/4318150163360774?isauction=2&shangquan_id=14107&legoFeeUrl=https://legoclick.58.com/jump?target=pZwY0ZnlsztdraOWUvYKuad-PA76nW0YuiYYmWTYsHwhrjNVryN1PBdhPvmdPH66mhEvn1NKnHDdnjbkPjczn19On1DOTEDYn1D3nHNknHm1n1mkP10YTHmdnjTKPWNknTDQsjDkTH91Pzk3PjTKnH0vn1bvn1DkPjmYrEDzPT7AEzdEEzdKib_VOlXxOCB4sXXVhShTBXyc-SB6Jrh6VEDQTHcKTiYQTEDQrHbzP1mYn1TvnjDLPHTOn10LTHmKTHDKPAwhnjnQnWbVrAw6PBYYuycvsH9dPvDVuAwBnjnvnvndPHwWTHDOrHcLPWE1njmQn1T3PHn3rHDKnHbOnW0vPjnkPWDknHELP1nLPkDKnikQnTDKTEDVTEDKTH-AE1IDwDFKsHwKPWEVEND3niYzPYD1sH6jENFKEHNLwWPDP9DznHm8n198nHmOsWD3P9DkTHTKTHD_nHcKXLYKnHTkn1mKnHTknHmvPE76mhFhuHnLuaYdPAwhsHEdmHcVrHIWridBmyFbPvDYuHEOmWmKTHEKTEDkTH91Pzk3PjT_nHEQnj0KnE78IyQ_THEYnAN3mWcQPj--nADOrH0&lego_tid=abbfe37d-54df-45a2-97c9-babd7a4e49b6&psid=22b69ca3e5a89a0dfe6fa09292c28eb9,SUCCESS,1,19.12
2025-11-24T13:56:40.379922,https://hf.zu.anjuke.com/fangyuan/4289793911496709?isauction=2&shangquan_id=14098&legoFeeUrl=https://legoclick.58.com/jump?target=pZwY0ZnlsztdraOWUvYKuad-PA76nW0YuiYYmWTYsHwhrjNVryN1PBdhPvmdPH66mhEvn1NKPHEdPHcvPWn3P1DzPjbKTHEzrjbLrHnOnHDYrHmLnjbKnHTdnjTKnHTdnjTKnikQnTD3n10_rjEkTHDLPWnOPWnQnjEvPHTKnW0KwbnVNDnVENGssXXMMSpcfzLMoufG9cM-BFxCCpWGCUNKnEDzTEDVnEDKnHb3rHcYPHNOrjD1P1NOn19dPkDvTEDQTHwBmhRWm1b1syELnyDVPjnzuadBrjEYsHnzmHTQuHPhPWb1u9DQrH9OnWEdPHbOrHc3PHmOrjNLTHDOrjbzPjNdrHb3rHb1nj9kn1cKTHD_nHTKTEDKsEDKTEDOwbnLwDwaEiYYEHmYsN7KrjDVnWIKnzY3EY7aENDdPYm1wjmKnWDvsWn3sWDvri3QrjmKnTDkTEDQsjDQTgVqTHDknjnvTHDknjDvPWNKPWN3uAcYryEVryDzPaYYPy7WsHb1nWcVmyuWP1-BnW9dnHEYTEDYTEDKnTD3n10_rjEksjDYnjb3THDKUMR_UTDdnH7hm1mvPj9dmHTkPjmL&lego_tid=658db49d-9a24-45ac-9322-afc79b285144&psid=22b69ca3e5a89a0dfe6fa09292c28eb9,SUCCESS,1,19.12
2025-11-24T13:57:21.763917,https://hf.zu.anjuke.com/fangyuan/4255626872332299?isauction=2&shangquan_id=5015&legoFeeUrl=https://legoclick.58.com/jump?target=pZwY0ZnlsztdraOWUvYKuad-PA76nW0YuiYYmWTYsHwhrjNVryN1PBdhPvmdPH66mhEvn1NKn103nHcLPWNOrHNLrH9KTHEzPHNvnWm3P1c1n1czrHbKPHEknTDdPjTkTHD_nHTKrjnLsj9YnTDQP1m1rHm1nHTYPWNkTHc3TNujsRKjsN72izLMGO4hBstVOlvUlmaFOmBgl2AClpAdTHDKn9DKsHDKTHDOrHTdrj0QnHbLP1cYP1N1rHcKP9DKnEDznWn1mHu6nBY3mW9QsHEdnjcVmHKBriYYn1mLmvnvrAEzPvcKnHbOnjN3P1DznHEdrjNOn10On9DQrHbkPH9LnHcQPjn1PjDOP10vTEDQsjDkTEDKTiYKTEDKrNujPYwDEbDVPDDvPadKEH9QsHcLEHnVrDPKEb7KPHIAnYEvTHcQPB31ra3QPWb8nH9vTHTKnTDKnikQn97exEDQnjT1P9DQnjTQPWmdTH76PvNdrj01symkmWmVPjDLmid6njDYsyNzm16bmHTkn1bLnEDKPTDKTHTKrjnLsj9YnakdnjDdTHDKUMR_UTDzmWmLmHEYmvFhPyNLuHnO&lego_tid=1a7e5873-f0b6-417a-a014-e2c8da003971&psid=22b69ca3e5a89a0dfe6fa09292c28eb9,SUCCESS,1,19.12
2025-11-24T13:57:53.724358,https://hf.zu.anjuke.com/fangyuan/4326663826254853?isauction=2&shangquan_id=5012&legoFeeUrl=https://legoclick.58.com/jump?target=pZwY0ZnlsztdraOWUvYKuad-PA76nW0YuiYYmWTYsHwhrjNVryN1PBdhPvmdPH66mhEvn1NKnHDdrHDdnjn3PWE3PWE3TEDYn1cvPWm1rjcvnWNYrjN1THN1njTKPHnknTDQsjDkTH91Pzk3PjTKnH0vn1bvn1DkPjmdnTDzrE7AEzdEEzdKib_VOlXxOCB4sXXVhShTBXyc-SB6Jrh6VEDQTHcKTiYQTEDQrHbzP1NvPH9dPjDdPjDLrjNLTHmKTHDKPWEdrHDkm1nVm1mvnBYYuy76sycQmW0VuW--nhR6uAmQujKWTHDOrHcLPHmdrjNdnHmkP10kPHmKnHbOnW0dPWN3PHE3nWEYPj9knTDKnikQnTDKTEDVTEDKTH-AE1IDwDFKsHwKPWEVEND3niYzPYD1sH6jENFKEHNLwWPDP9DznHm8n198nHmOsWD3P9DkTHTKTHD_nHcKXLYKnHTkn1mKnHTknHmvPED3PAN1uHFhPzY1m1NLsHwbm1DVmW6BPaY3PWbLuhmOm1-bnjmKTHEKTEDkTH91Pzk3PjT_PHTQn9DQTyOdUAkKrHDOnWmQmHmdPAnYryN1Pk&lego_tid=84e3e2f7-3c57-4dc1-b8b4-8697ff9c9d06&psid=22b69ca3e5a89a0dfe6fa09292c28eb9,SUCCESS,1,19.12
2025-11-24T13:58:24.445659,https://hf.zu.anjuke.com/fangyuan/4323342693719042?isauction=2&shangquan_id=14090&legoFeeUrl=https://legoclick.58.com/jump?target=pZwY0ZnlsztdraOWUvYKuad-PA76nW0YuiYYmWTYsHwhrjNVryN1PBdhPvmdPH66mhEvn1NKPjb1nHT1PWcvn1EzPH0KTHE1nWn1PjcvrHnLnHbkPjcKPj0knTDYP1TkTHD_nHTKrjnLsj9YnTDQP1m1rHm1nHTYPWNkTHnkTNujsRKjsN72izLMGO4hBstVOlvUlmaFOmBgl2AClpAdTHDKn9DKsHDKTHDOrHTLrHndrj0OrjD1rjb3nWEKP9DKnED3uHDOryDknBdhuj-hsHw6uWmVmhmkuaYYmvEkm1ckryu-nyDKnHbOnj0On1N3rjTOnjEdrjDQn9DQrHbkP1b1PH93njmQnj9dPWbvTEDQsjDkTEDKTiYKTEDKrNujPYwDEbDVPDDvPadKEH9QsHcLEHnVrDPKEb7KPHIAnYEvTHcQPB31ra3QPWb8nH9vTHTKnTDKnikQn97exEDQnjT1P9DQnjTQPWmdTHN3uhmQrjuWsyEznvEVPjDkmBYOuyDvsyEvny7hnAF6ryPWPTDKPTDKTHTKrjnLsj9YnakQPjTOnTDQTyOdUAkKPjnvmHm3nWndrjKBujnvnk&lego_tid=58ff186c-d23d-410b-9ea6-d61af0ba9cc4&psid=22b69ca3e5a89a0dfe6fa09292c28eb9,SUCCESS,1,19.09
